,almacenamiento,temp,humidity,precip,preciptype,uvindex,conditions_Clear,conditions_Overcast,conditions_Partially cloudy,conditions_Rain,"conditions_Rain, Overcast","conditions_Rain, Partially cloudy",lag1,lag2,lag3,dayofweek,quarter,month,year,dayofyear,dayofmonth,weekofyear,isfuture,pred
2023-06-26,,,,,,,,,,,,,0.0,0.0,0.0,0,2,6,2023,177,26,26,True,0.33642495
2023-06-27,,,,,,,,,,,,,0.0,0.0,0.08,1,2,6,2023,178,27,26,True,0.33642495
2023-06-28,,,,,,,,,,,,,0.0,0.0,0.0,2,2,6,2023,179,28,26,True,0.33642495
2023-06-29,,,,,,,,,,,,,0.0,0.32,0.0,3,2,6,2023,180,29,26,True,0.65067214
2023-06-30,,,,,,,,,,,,,0.0,0.31,0.0,4,2,6,2023,181,30,26,True,0.65067214
2023-07-01,,,,,,,,,,,,,0.0,0.31,0.0,5,3,7,2023,182,1,26,True,0.65067214
2023-07-02,,,,,,,,,,,,,0.0,0.31,0.0,6,3,7,2023,183,2,26,True,0.65067214
2023-07-03,,,,,,,,,,,,,0.0,0.41,0.0,0,3,7,2023,184,3,27,True,1.3755463
2023-07-04,,,,,,,,,,,,,0.0,0.41,0.0,1,3,7,2023,185,4,27,True,1.3755463
2023-07-05,,,,,,,,,,,,,0.0,0.42,0.0,2,3,7,2023,186,5,27,True,1.3871452
2023-07-06,,,,,,,,,,,,,0.0,0.62,0.0,3,3,7,2023,187,6,27,True,1.3871452
2023-07-07,,,,,,,,,,,,,0.0,0.71,0.0,4,3,7,2023,188,7,27,True,1.4016378
2023-07-08,,,,,,,,,,,,,0.0,0.71,0.0,5,3,7,2023,189,8,27,True,1.4016378
2023-07-09,,,,,,,,,,,,,0.0,0.71,0.0,6,3,7,2023,190,9,27,True,1.4016378
2023-07-10,,,,,,,,,,,,,0.0,0.69,0.0,0,3,7,2023,191,10,28,True,1.4016378
2023-07-11,,,,,,,,,,,,,0.0,0.69,0.0,1,3,7,2023,192,11,28,True,1.4016378
2023-07-12,,,,,,,,,,,,,0.0,0.68,0.0,2,3,7,2023,193,12,28,True,1.3871452
2023-07-13,,,,,,,,,,,,,0.0,0.68,0.0,3,3,7,2023,194,13,28,True,1.3871452
2023-07-14,,,,,,,,,,,,,0.0,0.66,0.0,4,3,7,2023,195,14,28,True,1.3871452
2023-07-15,,,,,,,,,,,,,0.0,0.65,0.0,5,3,7,2023,196,15,28,True,1.3871452
2023-07-16,,,,,,,,,,,,,0.0,0.65,0.0,6,3,7,2023,197,16,28,True,1.3871452
2023-07-17,,,,,,,,,,,,,0.0,0.65,0.0,0,3,7,2023,198,17,29,True,1.3871452
2023-07-18,,,,,,,,,,,,,0.0,2.1,0.0,1,3,7,2023,199,18,29,True,1.4357905
2023-07-19,,,,,,,,,,,,,0.0,2.08,0.0,2,3,7,2023,200,19,29,True,1.4460893
2023-07-20,,,,,,,,,,,,,0.0,2.07,0.43,3,3,7,2023,201,20,29,True,1.4801974
2023-07-21,,,,,,,,,,,,,0.0,2.05,0.59,4,3,7,2023,202,21,29,True,1.4801974
2023-07-22,,,,,,,,,,,,,0.0,2.03,1.13,5,3,7,2023,203,22,29,True,1.4801974
2023-07-23,,,,,,,,,,,,,0.0,3.17,1.17,6,3,7,2023,204,23,29,True,1.4801974
2023-07-24,,,,,,,,,,,,,0.0,3.17,1.17,0,3,7,2023,205,24,30,True,1.4801974
2023-07-25,,,,,,,,,,,,,0.0,3.17,1.16,1,3,7,2023,206,25,30,True,1.4801974
2023-07-26,,,,,,,,,,,,,0.22,3.15,1.15,2,3,7,2023,207,26,30,True,1.7394209
2023-07-27,,,,,,,,,,,,,0.32,3.18,1.14,3,3,7,2023,208,27,30,True,1.7632128
2023-07-28,,,,,,,,,,,,,0.34,3.18,1.13,4,3,7,2023,209,28,30,True,2.016931
2023-07-29,,,,,,,,,,,,,0.35,4.08,1.13,5,3,7,2023,210,29,30,True,2.4581215
2023-07-30,,,,,,,,,,,,,0.36,4.06,1.13,6,3,7,2023,211,30,30,True,2.4581215
2023-07-31,,,,,,,,,,,,,0.39,4.04,1.12,0,3,7,2023,212,31,31,True,2.7048643
2023-08-01,,,,,,,,,,,,,0.4,4.02,2.56,1,3,8,2023,213,1,31,True,2.7048643
2023-08-02,,,,,,,,,,,,,0.97,4.01,3.09,2,3,8,2023,214,2,31,True,4.7986445
2023-08-03,,,,,,,,,,,,,1.03,3.97,3.07,3,3,8,2023,215,3,31,True,4.7986445
2023-08-04,,,,,,,,,,,,,1.03,4.45,3.07,4,3,8,2023,216,4,31,True,4.7986445
2023-08-05,,,,,,,,,,,,,1.13,4.59,3.06,5,3,8,2023,217,5,31,True,4.7986445
2023-08-06,,,,,,,,,,,,,1.94,4.74,3.04,6,3,8,2023,218,6,31,True,3.177145
2023-08-07,,,,,,,,,,,,,2.11,4.76,3.03,0,3,8,2023,219,7,32,True,3.177145
2023-08-08,,,,,,,,,,,,,2.1,4.76,3.03,1,3,8,2023,220,8,32,True,3.177145
2023-08-09,,,,,,,,,,,,,2.85,4.76,3.01,2,3,8,2023,221,9,32,True,3.177145
2023-08-10,,,,,,,,,,,,,3.2,4.76,2.99,3,3,8,2023,222,10,32,True,3.177145
2023-08-11,,,,,,,,,,,,,3.2,5.04,2.98,4,3,8,2023,223,11,32,True,3.177145
2023-08-12,,,,,,,,,,,,,3.18,5.04,2.96,5,3,8,2023,224,12,32,True,3.177145
2023-08-13,,,,,,,,,,,,,3.18,5.06,2.95,6,3,8,2023,225,13,32,True,3.177145
2023-08-14,,,,,,,,,,,,,3.17,5.02,2.95,0,3,8,2023,226,14,33,True,3.177145
2023-08-15,,,,,,,,,,,,,3.15,4.96,2.93,1,3,8,2023,227,15,33,True,3.177145
2023-08-16,,,,,,,,,,,,,3.28,4.9,2.92,2,3,8,2023,228,16,33,True,3.177145
2023-08-17,,,,,,,,,,,,,4.94,4.84,2.88,3,3,8,2023,229,17,33,True,3.9141657
2023-08-18,,,,,,,,,,,,,9.0,4.78,2.85,4,3,8,2023,230,18,33,True,4.917897
2023-08-19,,,,,,,,,,,,,11.3,4.74,2.82,5,3,8,2023,231,19,33,True,4.917897
2023-08-20,,,,,,,,,,,,,16.16,4.71,2.79,6,3,8,2023,232,20,33,True,6.0760612
2023-08-21,,,,,,,,,,,,,16.59,4.61,2.76,0,3,8,2023,233,21,34,True,8.504735
2023-08-22,,,,,,,,,,,,,16.38,4.53,2.73,1,3,8,2023,234,22,34,True,8.504735
2023-08-23,,,,,,,,,,,,,16.59,4.51,2.69,2,3,8,2023,235,23,34,True,8.702917
2023-08-24,,,,,,,,,,,,,16.42,4.45,2.67,3,3,8,2023,236,24,34,True,8.702917
2023-08-25,,,,,,,,,,,,,16.33,4.4,2.64,4,3,8,2023,237,25,34,True,8.702917
2023-08-26,,,,,,,,,,,,,16.29,4.34,2.61,5,3,8,2023,238,26,34,True,8.702917
2023-08-27,,,,,,,,,,,,,16.5,4.34,2.64,6,3,8,2023,239,27,34,True,8.702917
2023-08-28,,,,,,,,,,,,,16.72,4.25,3.4,0,3,8,2023,240,28,35,True,8.702917
2023-08-29,,,,,,,,,,,,,16.38,4.78,3.44,1,3,8,2023,241,29,35,True,8.702917
2023-08-30,,,,,,,,,,,,,16.5,10.63,3.45,2,3,8,2023,242,30,35,True,8.702917
2023-08-31,,,,,,,,,,,,,16.46,13.5,3.45,3,3,8,2023,243,31,35,True,8.702917
2023-09-01,,,,,,,,,,,,,16.5,13.5,3.44,4,3,9,2023,244,1,35,True,11.092806
2023-09-02,,,,,,,,,,,,,16.29,14.56,3.42,5,3,9,2023,245,2,35,True,11.854886
2023-09-03,,,,,,,,,,,,,16.25,14.52,3.4,6,3,9,2023,246,3,35,True,11.854886
2023-09-04,,,,,,,,,,,,,16.2,16.29,3.39,0,3,9,2023,247,4,36,True,11.854886
2023-09-05,,,,,,,,,,,,,16.16,16.42,3.36,1,3,9,2023,248,5,36,True,11.854886
2023-09-06,,,,,,,,,,,,,16.12,16.25,3.33,2,3,9,2023,249,6,36,True,11.854886
2023-09-07,,,,,,,,,,,,,16.12,16.16,3.29,3,3,9,2023,250,7,36,True,11.854886
2023-09-08,,,,,,,,,,,,,16.12,16.16,3.26,4,3,9,2023,251,8,36,True,11.854886
2023-09-09,,,,,,,,,,,,,16.12,16.08,3.22,5,3,9,2023,252,9,36,True,11.854886
2023-09-10,,,,,,,,,,,,,16.08,16.0,3.18,6,3,9,2023,253,10,36,True,11.854886
2023-09-11,,,,,,,,,,,,,16.04,15.96,3.18,0,3,9,2023,254,11,37,True,11.854886
2023-09-12,,,,,,,,,,,,,16.04,16.04,3.15,1,3,9,2023,255,12,37,True,11.854886
2023-09-13,,,,,,,,,,,,,16.0,16.0,3.12,2,3,9,2023,256,13,37,True,11.854886
2023-09-14,,,,,,,,,,,,,15.96,15.96,3.09,3,3,9,2023,257,14,37,True,11.854886
2023-09-15,,,,,,,,,,,,,15.92,15.92,3.04,4,3,9,2023,258,15,37,True,11.854886
2023-09-16,,,,,,,,,,,,,15.88,15.88,2.99,5,3,9,2023,259,16,37,True,11.854886
2023-09-17,,,,,,,,,,,,,15.88,15.84,2.95,6,3,9,2023,260,17,37,True,11.854886
2023-09-18,,,,,,,,,,,,,15.8,15.8,2.9,0,3,9,2023,261,18,38,True,11.854886
2023-09-19,,,,,,,,,,,,,15.76,15.76,2.85,1,3,9,2023,262,19,38,True,11.854886
2023-09-20,,,,,,,,,,,,,15.68,15.76,2.85,2,3,9,2023,263,20,38,True,11.854886
2023-09-21,,,,,,,,,,,,,15.6,15.72,2.79,3,3,9,2023,264,21,38,True,11.854886
2023-09-22,,,,,,,,,,,,,15.52,15.68,2.76,4,3,9,2023,265,22,38,True,11.854886
2023-09-23,,,,,,,,,,,,,15.48,15.64,2.73,5,3,9,2023,266,23,38,True,11.854886
2023-09-24,,,,,,,,,,,,,15.48,15.6,2.69,6,3,9,2023,267,24,38,True,11.854886
2023-09-25,,,,,,,,,,,,,15.48,15.56,2.69,0,3,9,2023,268,25,39,True,11.854886
2023-09-26,,,,,,,,,,,,,15.44,15.52,2.68,1,3,9,2023,269,26,39,True,11.854886
2023-09-27,,,,,,,,,,,,,15.4,15.39,2.67,2,3,9,2023,270,27,39,True,11.854886
2023-09-28,,,,,,,,,,,,,15.4,15.2,2.63,3,3,9,2023,271,28,39,True,11.854886
2023-09-29,,,,,,,,,,,,,15.36,15.0,2.58,4,3,9,2023,272,29,39,True,11.854886
2023-09-30,,,,,,,,,,,,,15.36,14.96,2.54,5,3,9,2023,273,30,39,True,11.854886
2023-10-01,,,,,,,,,,,,,15.36,14.92,2.5,6,4,10,2023,274,1,39,True,11.854886
2023-10-02,,,,,,,,,,,,,15.32,14.84,2.49,0,4,10,2023,275,2,40,True,11.854886
2023-10-03,,,,,,,,,,,,,15.28,14.76,2.46,1,4,10,2023,276,3,40,True,11.854886
2023-10-04,,,,,,,,,,,,,15.24,14.76,2.43,2,4,10,2023,277,4,40,True,11.854886
2023-10-05,,,,,,,,,,,,,15.2,14.72,2.42,3,4,10,2023,278,5,40,True,11.854886
2023-10-06,,,,,,,,,,,,,15.15,14.6,2.35,4,4,10,2023,279,6,40,True,11.854886
2023-10-07,,,,,,,,,,,,,14.96,14.48,2.32,5,4,10,2023,280,7,40,True,11.854886
2023-10-08,,,,,,,,,,,,,14.84,14.4,2.29,6,4,10,2023,281,8,40,True,11.786042
2023-10-09,,,,,,,,,,,,,14.72,14.36,2.26,0,4,10,2023,282,9,41,True,11.786042
2023-10-10,,,,,,,,,,,,,14.6,14.32,2.24,1,4,10,2023,283,10,41,True,11.662062
2023-10-11,,,,,,,,,,,,,14.56,14.2,2.21,2,4,10,2023,284,11,41,True,11.662062
2023-10-12,,,,,,,,,,,,,14.52,14.13,2.18,3,4,10,2023,285,12,41,True,11.611387
2023-10-13,,,,,,,,,,,,,14.48,14.05,2.15,4,4,10,2023,286,13,41,True,11.5354805
2023-10-14,,,,,,,,,,,,,14.44,13.98,2.11,5,4,10,2023,287,14,41,True,11.5354805
2023-10-15,,,,,,,,,,,,,14.32,13.9,2.07,6,4,10,2023,288,15,41,True,11.431692
2023-10-16,,,,,,,,,,,,,14.24,13.83,2.03,0,4,10,2023,289,16,42,True,11.431692
2023-10-17,,,,,,,,,,,,,14.13,13.76,1.99,1,4,10,2023,290,17,42,True,11.326499
2023-10-18,,,,,,,,,,,,,14.02,13.72,1.95,2,4,10,2023,291,18,42,True,11.237116
2023-10-19,,,,,,,,,,,,,13.9,13.68,1.92,3,4,10,2023,292,19,42,True,11.237116
2023-10-20,,,,,,,,,,,,,13.79,13.65,1.88,4,4,10,2023,293,20,42,True,11.168374
2023-10-21,,,,,,,,,,,,,13.79,13.61,1.85,5,4,10,2023,294,21,42,True,11.168374
2023-10-22,,,,,,,,,,,,,13.72,13.5,1.81,6,4,10,2023,295,22,42,True,11.153609
2023-10-23,,,,,,,,,,,,,13.65,13.39,1.78,0,4,10,2023,296,23,43,True,11.110116
2023-10-24,,,,,,,,,,,,,13.61,13.28,1.74,1,4,10,2023,297,24,43,True,11.110116
2023-10-25,,,,,,,,,,,,,13.54,13.16,1.71,2,4,10,2023,298,25,43,True,11.030216
2023-10-26,,,,,,,,,,,,,13.46,13.05,1.67,3,4,10,2023,299,26,43,True,10.904055
2023-10-27,,,,,,,,,,,,,13.35,12.94,1.65,4,4,10,2023,300,27,43,True,10.904055
2023-10-28,,,,,,,,,,,,,13.24,12.87,1.65,5,4,10,2023,301,28,43,True,10.718341
2023-10-29,,,,,,,,,,,,,13.13,12.76,1.58,6,4,10,2023,302,29,43,True,10.718341
2023-10-30,,,,,,,,,,,,,13.05,12.98,1.55,0,4,10,2023,303,30,44,True,10.593069
2023-10-31,,,,,,,,,,,,,12.98,12.94,1.48,1,4,10,2023,304,31,44,True,10.560134
2023-11-01,,,,,,,,,,,,,12.91,12.91,1.44,2,4,11,2023,305,1,44,True,10.560134
2023-11-02,,,,,,,,,,,,,12.83,12.87,1.39,3,4,11,2023,306,2,44,True,10.560134
2023-11-03,,,,,,,,,,,,,12.76,12.68,1.35,4,4,11,2023,307,3,44,True,10.560134
2023-11-04,,,,,,,,,,,,,12.68,12.57,1.31,5,4,11,2023,308,4,44,True,10.545433
2023-11-05,,,,,,,,,,,,,12.61,12.5,1.25,6,4,11,2023,309,5,44,True,10.438127
2023-11-06,,,,,,,,,,,,,12.54,12.43,1.19,0,4,11,2023,310,6,45,True,10.438127
2023-11-07,,,,,,,,,,,,,12.46,12.35,1.14,1,4,11,2023,311,7,45,True,10.31976
2023-11-08,,,,,,,,,,,,,12.39,12.32,1.08,2,4,11,2023,312,8,45,True,10.31976
2023-11-09,,,,,,,,,,,,,12.39,12.28,1.01,3,4,11,2023,313,9,45,True,10.227219
2023-11-10,,,,,,,,,,,,,12.35,12.25,0.98,4,4,11,2023,314,10,45,True,10.227219
2023-11-11,,,,,,,,,,,,,12.25,12.11,0.96,5,4,11,2023,315,11,45,True,10.227219
2023-11-12,,,,,,,,,,,,,12.15,11.98,0.95,6,4,11,2023,316,12,45,True,10.12677
2023-11-13,,,,,,,,,,,,,12.04,11.84,0.94,0,4,11,2023,317,13,46,True,10.12677
2023-11-14,,,,,,,,,,,,,12.04,11.71,0.93,1,4,11,2023,318,14,46,True,9.983429
2023-11-15,,,,,,,,,,,,,11.98,11.77,0.93,2,4,11,2023,319,15,46,True,9.907348
2023-11-16,,,,,,,,,,,,,11.91,11.64,0.92,3,4,11,2023,320,16,46,True,9.907348
2023-11-17,,,,,,,,,,,,,11.84,11.5,0.89,4,4,11,2023,321,17,46,True,9.836101
2023-11-18,,,,,,,,,,,,,11.74,11.37,0.86,5,4,11,2023,322,18,46,True,9.836101
2023-11-19,,,,,,,,,,,,,11.64,11.23,0.85,6,4,11,2023,323,19,46,True,9.69331
2023-11-20,,,,,,,,,,,,,11.54,11.1,0.85,0,4,11,2023,324,20,47,True,9.552898
2023-11-21,,,,,,,,,,,,,11.47,10.96,0.84,1,4,11,2023,325,21,47,True,9.552898
2023-11-22,,,,,,,,,,,,,11.4,11.07,0.83,2,4,11,2023,326,22,47,True,9.390964
2023-11-23,,,,,,,,,,,,,11.3,11.07,0.82,3,4,11,2023,327,23,47,True,9.390964
2023-11-24,,,,,,,,,,,,,11.27,11.03,0.82,4,4,11,2023,328,24,47,True,9.362589
2023-11-25,,,,,,,,,,,,,11.2,10.93,0.81,5,4,11,2023,329,25,47,True,9.362589
2023-11-26,,,,,,,,,,,,,11.1,10.86,0.8,6,4,11,2023,330,26,47,True,9.362589
2023-11-27,,,,,,,,,,,,,11.0,10.76,0.79,0,4,11,2023,331,27,48,True,9.270088
2023-11-28,,,,,,,,,,,,,10.9,10.69,0.79,1,4,11,2023,332,28,48,True,9.240295
2023-11-29,,,,,,,,,,,,,10.8,10.63,0.71,2,4,11,2023,333,29,48,True,9.240295
2023-11-30,,,,,,,,,,,,,10.69,10.44,0.77,3,4,11,2023,334,30,48,True,9.184657
2023-12-01,,,,,,,,,,,,,10.6,10.35,0.76,4,4,12,2023,335,1,48,True,9.159333
2023-12-02,,,,,,,,,,,,,10.56,10.26,0.76,5,4,12,2023,336,2,48,True,9.061839
2023-12-03,,,,,,,,,,,,,10.5,10.16,0.76,6,4,12,2023,337,3,48,True,9.016969
2023-12-04,,,,,,,,,,,,,10.47,10.07,0.75,0,4,12,2023,338,4,49,True,9.016969
2023-12-05,,,,,,,,,,,,,10.47,9.98,0.75,1,4,12,2023,339,5,49,True,8.9326
2023-12-06,,,,,,,,,,,,,10.45,9.92,0.74,2,4,12,2023,340,6,49,True,8.9326
2023-12-07,,,,,,,,,,,,,10.41,9.86,0.74,3,4,12,2023,341,7,49,True,8.892336
2023-12-08,,,,,,,,,,,,,10.38,9.79,0.74,4,4,12,2023,342,8,49,True,8.851714
2023-12-09,,,,,,,,,,,,,10.35,9.73,0.73,5,4,12,2023,343,9,49,True,8.851714
2023-12-10,,,,,,,,,,,,,10.32,9.67,0.73,6,4,12,2023,344,10,49,True,8.832426
2023-12-11,,,,,,,,,,,,,10.29,9.58,0.73,0,4,12,2023,345,11,50,True,8.832426
2023-12-12,,,,,,,,,,,,,10.26,9.49,0.72,1,4,12,2023,346,12,50,True,8.794224
2023-12-13,,,,,,,,,,,,,10.23,9.39,0.72,2,4,12,2023,347,13,50,True,8.775323
2023-12-14,,,,,,,,,,,,,10.19,9.49,0.71,3,4,12,2023,348,14,50,True,8.775323
2023-12-15,,,,,,,,,,,,,10.16,9.46,0.71,4,4,12,2023,349,15,50,True,8.775323
2023-12-16,,,,,,,,,,,,,10.13,9.42,0.71,5,4,12,2023,350,16,50,True,8.775323
2023-12-17,,,,,,,,,,,,,10.1,9.33,0.71,6,4,12,2023,351,17,50,True,8.775323
2023-12-18,,,,,,,,,,,,,10.07,9.24,0.7,0,4,12,2023,352,18,51,True,8.775323
2023-12-19,,,,,,,,,,,,,10.04,9.15,0.7,1,4,12,2023,353,19,51,True,8.775323
2023-12-20,,,,,,,,,,,,,9.95,9.06,0.69,2,4,12,2023,354,20,51,True,8.775323
2023-12-21,,,,,,,,,,,,,9.89,8.97,0.69,3,4,12,2023,355,21,51,True,8.775323
2023-12-22,,,,,,,,,,,,,9.79,8.89,0.69,4,4,12,2023,356,22,51,True,8.775323
2023-12-23,,,,,,,,,,,,,9.7,8.81,0.68,5,4,12,2023,357,23,51,True,8.775323
2023-12-24,,,,,,,,,,,,,9.61,8.72,0.68,6,4,12,2023,358,24,51,True,8.775323
2023-12-25,,,,,,,,,,,,,9.52,8.64,0.68,0,4,12,2023,359,25,52,True,8.775323
2023-12-26,,,,,,,,,,,,,9.42,8.61,0.67,1,4,12,2023,360,26,52,True,8.775323
2023-12-27,,,,,,,,,,,,,9.33,8.47,0.67,2,4,12,2023,361,27,52,True,8.775323
2023-12-28,,,,,,,,,,,,,9.24,8.39,0.66,3,4,12,2023,362,28,52,True,8.775323
2023-12-29,,,,,,,,,,,,,9.15,8.44,0.66,4,4,12,2023,363,29,52,True,8.775323
2023-12-30,,,,,,,,,,,,,9.06,8.44,0.65,5,4,12,2023,364,30,52,True,8.775323
2023-12-31,,,,,,,,,,,,,8.97,8.44,0.65,6,4,12,2023,365,31,52,True,8.775323
2024-01-01,,,,,,,,,,,,,8.89,8.41,0.65,0,1,1,2024,1,1,1,True,4.1310377
2024-01-02,,,,,,,,,,,,,8.81,8.41,0.65,1,1,1,2024,2,2,1,True,4.1310377
2024-01-03,,,,,,,,,,,,,9.03,8.39,0.64,2,1,1,2024,3,3,1,True,4.1310377
2024-01-04,,,,,,,,,,,,,8.92,8.47,0.64,3,1,1,2024,4,4,1,True,4.1310377
2024-01-05,,,,,,,,,,,,,8.75,8.47,0.64,4,1,1,2024,5,5,1,True,4.1310377
2024-01-06,,,,,,,,,,,,,8.58,8.44,0.63,5,1,1,2024,6,6,1,True,4.1310377
2024-01-07,,,,,,,,,,,,,8.41,8.44,0.62,6,1,1,2024,7,7,1,True,4.1310377
2024-01-08,,,,,,,,,,,,,8.25,8.41,0.62,0,1,1,2024,8,8,2,True,4.1310377
2024-01-09,,,,,,,,,,,,,8.08,8.39,0.62,1,1,1,2024,9,9,2,True,4.1310377
2024-01-10,,,,,,,,,,,,,7.91,8.36,0.62,2,1,1,2024,10,10,2,True,4.1310377
2024-01-11,,,,,,,,,,,,,7.77,8.3,0.61,3,1,1,2024,11,11,2,True,4.112335
2024-01-12,,,,,,,,,,,,,7.64,8.22,0.59,4,1,1,2024,12,12,2,True,4.112335
2024-01-13,,,,,,,,,,,,,7.66,8.11,0.57,5,1,1,2024,13,13,2,True,4.112335
2024-01-14,,,,,,,,,,,,,7.61,8.05,0.55,6,1,1,2024,14,14,2,True,4.112335
2024-01-15,,,,,,,,,,,,,7.56,7.97,0.53,0,1,1,2024,15,15,3,True,4.112335
2024-01-16,,,,,,,,,,,,,7.51,7.88,0.53,1,1,1,2024,16,16,3,True,4.112335
2024-01-17,,,,,,,,,,,,,7.51,7.76,0.53,2,1,1,2024,17,17,3,True,4.112335
2024-01-18,,,,,,,,,,,,,7.49,7.66,0.53,3,1,1,2024,18,18,3,True,4.112335
2024-01-19,,,,,,,,,,,,,7.49,7.54,0.52,4,1,1,2024,19,19,3,True,4.112335
2024-01-20,,,,,,,,,,,,,7.31,7.38,0.52,5,1,1,2024,20,20,3,True,4.112335
2024-01-21,,,,,,,,,,,,,7.23,7.36,0.52,6,1,1,2024,21,21,3,True,4.112335
2024-01-22,,,,,,,,,,,,,7.18,7.33,0.52,0,1,1,2024,22,22,4,True,4.112335
2024-01-23,,,,,,,,,,,,,7.13,7.31,0.51,1,1,1,2024,23,23,4,True,4.112335
2024-01-24,,,,,,,,,,,,,7.16,7.26,0.51,2,1,1,2024,24,24,4,True,4.112335
2024-01-25,,,,,,,,,,,,,7.11,7.21,0.5,3,1,1,2024,25,25,4,True,4.112335
2024-01-26,,,,,,,,,,,,,7.03,7.16,0.5,4,1,1,2024,26,26,4,True,4.112335
2024-01-27,,,,,,,,,,,,,6.96,7.13,0.5,5,1,1,2024,27,27,4,True,4.112335
2024-01-28,,,,,,,,,,,,,6.88,7.06,0.49,6,1,1,2024,28,28,4,True,4.092936
2024-01-29,,,,,,,,,,,,,6.81,6.93,0.49,0,1,1,2024,29,29,5,True,4.092936
2024-01-30,,,,,,,,,,,,,6.73,6.81,0.49,1,1,1,2024,30,30,5,True,4.092936
2024-01-31,,,,,,,,,,,,,6.66,6.63,0.49,2,1,1,2024,31,31,5,True,4.092936
2024-02-01,,,,,,,,,,,,,6.61,6.43,0.49,3,1,2,2024,32,1,5,True,4.092936
2024-02-02,,,,,,,,,,,,,6.56,6.28,0.48,4,1,2,2024,33,2,5,True,4.092936
2024-02-03,,,,,,,,,,,,,6.51,6.12,0.48,5,1,2,2024,34,3,5,True,4.092936
2024-02-04,,,,,,,,,,,,,6.46,5.99,0.47,6,1,2,2024,35,4,5,True,4.092936
2024-02-05,,,,,,,,,,,,,6.41,5.86,0.47,0,1,2,2024,36,5,6,True,4.0721755
2024-02-06,,,,,,,,,,,,,6.36,5.79,0.47,1,1,2,2024,37,6,6,True,4.0721755
2024-02-07,,,,,,,,,,,,,6.32,5.75,0.47,2,1,2,2024,38,7,6,True,4.0721755
2024-02-08,,,,,,,,,,,,,6.28,5.7,0.46,3,1,2,2024,39,8,6,True,4.0721755
2024-02-09,,,,,,,,,,,,,6.19,5.66,0.46,4,1,2,2024,40,9,6,True,4.0721755
2024-02-10,,,,,,,,,,,,,6.12,5.61,0.46,5,1,2,2024,41,10,6,True,4.0721755
2024-02-11,,,,,,,,,,,,,6.06,5.53,0.46,6,1,2,2024,42,11,6,True,4.0721755
2024-02-12,,,,,,,,,,,,,5.99,5.42,0.45,0,1,2,2024,43,12,7,True,4.0721755
2024-02-13,,,,,,,,,,,,,5.92,5.35,0.45,1,1,2,2024,44,13,7,True,4.0721755
2024-02-14,,,,,,,,,,,,,5.86,5.29,0.44,2,1,2,2024,45,14,7,True,4.0721755
2024-02-15,,,,,,,,,,,,,5.83,5.17,0.44,3,1,2,2024,46,15,7,True,4.0286703
2024-02-16,,,,,,,,,,,,,5.77,5.06,0.44,4,1,2,2024,47,16,7,True,4.0286703
2024-02-17,,,,,,,,,,,,,5.61,4.92,0.44,5,1,2,2024,48,17,7,True,3.959633
2024-02-18,,,,,,,,,,,,,5.48,4.82,0.43,6,1,2,2024,49,18,7,True,3.959633
2024-02-19,,,,,,,,,,,,,5.35,4.71,0.43,0,1,2,2024,50,19,8,True,3.959633
2024-02-20,,,,,,,,,,,,,5.23,4.65,0.43,1,1,2,2024,51,20,8,True,3.959633
2024-02-21,,,,,,,,,,,,,5.13,4.59,0.41,2,1,2,2024,52,21,8,True,3.959633
2024-02-22,,,,,,,,,,,,,5.04,4.51,0.4,3,1,2,2024,53,22,8,True,3.959633
2024-02-23,,,,,,,,,,,,,4.94,4.47,0.39,4,1,2,2024,54,23,8,True,3.959633
2024-02-24,,,,,,,,,,,,,4.84,4.41,0.39,5,1,2,2024,55,24,8,True,3.959633
2024-02-25,,,,,,,,,,,,,4.74,4.36,0.39,6,1,2,2024,56,25,8,True,3.959633
2024-02-26,,,,,,,,,,,,,4.8,4.3,0.38,0,1,2,2024,57,26,9,True,3.9064102
2024-02-27,,,,,,,,,,,,,4.75,4.29,0.38,1,1,2,2024,58,27,9,True,3.9064102
2024-02-28,,,,,,,,,,,,,4.69,4.2,0.38,2,1,2,2024,59,28,9,True,3.9064102
2024-02-29,,,,,,,,,,,,,4.63,4.11,0.37,3,1,2,2024,60,29,9,True,3.8794377
2024-03-01,,,,,,,,,,,,,4.57,3.95,0.37,4,1,3,2024,61,1,9,True,3.8794377
2024-03-02,,,,,,,,,,,,,4.51,3.8,0.36,5,1,3,2024,62,2,9,True,3.737721
2024-03-03,,,,,,,,,,,,,4.45,3.64,0.36,6,1,3,2024,63,3,9,True,3.737721
2024-03-04,,,,,,,,,,,,,4.4,3.59,0.36,0,1,3,2024,64,4,10,True,3.737721
2024-03-05,,,,,,,,,,,,,4.34,3.48,0.36,1,1,3,2024,65,5,10,True,3.737721
2024-03-06,,,,,,,,,,,,,4.29,3.39,0.35,2,1,3,2024,66,6,10,True,3.737721
2024-03-07,,,,,,,,,,,,,4.23,3.29,0.35,3,1,3,2024,67,7,10,True,3.737721
2024-03-08,,,,,,,,,,,,,4.13,3.15,0.35,4,1,3,2024,68,8,10,True,3.737721
2024-03-09,,,,,,,,,,,,,4.02,3.01,0.35,5,1,3,2024,69,9,10,True,3.0007002
2024-03-10,,,,,,,,,,,,,3.9,2.92,0.35,6,1,3,2024,70,10,10,True,3.0007002
2024-03-11,,,,,,,,,,,,,3.89,2.82,0.34,0,1,3,2024,71,11,11,True,3.0927756
2024-03-12,,,,,,,,,,,,,3.89,2.74,0.34,1,1,3,2024,72,12,11,True,3.0927756
2024-03-13,,,,,,,,,,,,,3.87,2.67,0.33,2,1,3,2024,73,13,11,True,3.0927756
2024-03-14,,,,,,,,,,,,,3.52,2.65,0.33,3,1,3,2024,74,14,11,True,3.0927756
2024-03-15,,,,,,,,,,,,,3.37,2.53,0.33,4,1,3,2024,75,15,11,True,3.0927756
2024-03-16,,,,,,,,,,,,,3.23,2.36,0.32,5,1,3,2024,76,16,11,True,3.0927756
2024-03-17,,,,,,,,,,,,,3.09,2.19,0.32,6,1,3,2024,77,17,11,True,3.0927756
2024-03-18,,,,,,,,,,,,,2.95,2.03,0.32,0,1,3,2024,78,18,12,True,3.0927756
2024-03-19,,,,,,,,,,,,,2.87,1.93,0.32,1,1,3,2024,79,19,12,True,3.0927756
2024-03-20,,,,,,,,,,,,,2.74,1.84,0.31,2,1,3,2024,80,20,12,True,3.0927756
2024-03-21,,,,,,,,,,,,,2.63,1.69,0.31,3,1,3,2024,81,21,12,True,3.0927756
2024-03-22,,,,,,,,,,,,,2.5,1.54,0.31,4,1,3,2024,82,22,12,True,3.0714295
2024-03-23,,,,,,,,,,,,,2.42,1.39,0.31,5,1,3,2024,83,23,12,True,2.9909813
2024-03-24,,,,,,,,,,,,,2.33,1.25,0.29,6,1,3,2024,84,24,12,True,3.0613961
2024-03-25,,,,,,,,,,,,,2.251,1.08,0.3,0,1,3,2024,85,25,13,True,3.0613961
2024-03-26,,,,,,,,,,,,,2.167,0.92,0.29,1,1,3,2024,86,26,13,True,3.0426583
2024-03-27,,,,,,,,,,,,,2.08,0.79,0.29,2,1,3,2024,87,27,13,True,3.0064554
2024-03-28,,,,,,,,,,,,,2.0,0.69,0.29,3,1,3,2024,88,28,13,True,2.9896069
2024-03-29,,,,,,,,,,,,,1.93,0.59,0.29,4,1,3,2024,89,29,13,True,2.9896069
2024-03-30,,,,,,,,,,,,,1.86,0.51,0.28,5,1,3,2024,90,30,13,True,2.9896069
2024-03-31,,,,,,,,,,,,,1.78,0.5,0.28,6,1,3,2024,91,31,13,True,2.9746015
2024-04-01,,,,,,,,,,,,,1.7,0.49,0.28,0,2,4,2024,92,1,14,True,2.9746015
2024-04-02,,,,,,,,,,,,,1.61,0.49,0.28,1,2,4,2024,93,2,14,True,2.908491
2024-04-03,,,,,,,,,,,,,1.67,0.48,0.27,2,2,4,2024,94,3,14,True,2.908491
2024-04-04,,,,,,,,,,,,,1.64,0.43,0.27,3,2,4,2024,95,4,14,True,2.6340153
2024-04-05,,,,,,,,,,,,,1.6,0.38,0.27,4,2,4,2024,96,5,14,True,2.6340153
2024-04-06,,,,,,,,,,,,,1.57,0.33,0.27,5,2,4,2024,97,6,14,True,1.652289
2024-04-07,,,,,,,,,,,,,1.53,0.28,0.27,6,2,4,2024,98,7,14,True,0.959085
2024-04-08,,,,,,,,,,,,,1.51,0.24,0.26,0,2,4,2024,99,8,15,True,0.959085
2024-04-09,,,,,,,,,,,,,1.46,0.24,0.26,1,2,4,2024,100,9,15,True,0.959085
2024-04-10,,,,,,,,,,,,,1.41,0.23,0.26,2,2,4,2024,101,10,15,True,0.959085
2024-04-11,,,,,,,,,,,,,1.36,0.23,0.26,3,2,4,2024,102,11,15,True,1.5487212
2024-04-12,,,,,,,,,,,,,1.28,0.23,0.26,4,2,4,2024,103,12,15,True,1.5487212
2024-04-13,,,,,,,,,,,,,1.18,0.22,0.25,5,2,4,2024,104,13,15,True,1.5487212
2024-04-14,,,,,,,,,,,,,1.07,0.22,0.25,6,2,4,2024,105,14,15,True,1.5487212
2024-04-15,,,,,,,,,,,,,0.97,0.21,0.25,0,2,4,2024,106,15,16,True,1.5487212
2024-04-16,,,,,,,,,,,,,0.883,0.21,0.25,1,2,4,2024,107,16,16,True,1.5487212
2024-04-17,,,,,,,,,,,,,0.824,0.21,0.25,2,2,4,2024,108,17,16,True,1.5487212
2024-04-18,,,,,,,,,,,,,0.78,0.2,0.25,3,2,4,2024,109,18,16,True,1.5487212
2024-04-19,,,,,,,,,,,,,0.758,0.2,0.24,4,2,4,2024,110,19,16,True,1.5487212
2024-04-20,,,,,,,,,,,,,0.7336,0.19,0.24,5,2,4,2024,111,20,16,True,1.5487212
2024-04-21,,,,,,,,,,,,,0.692,0.19,0.24,6,2,4,2024,112,21,16,True,1.5487212
2024-04-22,,,,,,,,,,,,,0.684,0.19,0.24,0,2,4,2024,113,22,17,True,1.5487212
2024-04-23,,,,,,,,,,,,,0.677,0.18,0.23,1,2,4,2024,114,23,17,True,1.5487212
2024-04-24,,,,,,,,,,,,,0.669,0.18,0.23,2,2,4,2024,115,24,17,True,1.5487212
2024-04-25,,,,,,,,,,,,,0.662,0.17,0.23,3,2,4,2024,116,25,17,True,1.5487212
2024-04-26,,,,,,,,,,,,,0.655,0.16,0.23,4,2,4,2024,117,26,17,True,1.5630492
2024-04-27,,,,,,,,,,,,,0.647,0.15,0.23,5,2,4,2024,118,27,17,True,1.5630492
2024-04-28,,,,,,,,,,,,,0.64,0.14,0.23,6,2,4,2024,119,28,17,True,1.5630492
2024-04-29,,,,,,,,,,,,,0.63,0.13,0.22,0,2,4,2024,120,29,18,True,1.5630492
2024-04-30,,,,,,,,,,,,,0.625,0.12,0.22,1,2,4,2024,121,30,18,True,1.5630492
2024-05-01,,,,,,,,,,,,,0.618,0.11,0.21,2,2,5,2024,122,1,18,True,1.5630492
2024-05-02,,,,,,,,,,,,,0.611,0.1,0.22,3,2,5,2024,123,2,18,True,1.5630492
2024-05-03,,,,,,,,,,,,,0.603,0.09,0.21,4,2,5,2024,124,3,18,True,1.5630492
2024-05-04,,,,,,,,,,,,,0.596,0.08,0.21,5,2,5,2024,125,4,18,True,1.5630492
2024-05-05,,,,,,,,,,,,,0.581,0.07,0.21,6,2,5,2024,126,5,18,True,1.5630492
2024-05-06,,,,,,,,,,,,,0.573,0.07,0.21,0,2,5,2024,127,6,19,True,1.5630492
2024-05-07,,,,,,,,,,,,,0.573,0.06,0.21,1,2,5,2024,128,7,19,True,1.5630492
2024-05-08,,,,,,,,,,,,,0.567,0.06,0.21,2,2,5,2024,129,8,19,True,1.5630492
2024-05-09,,,,,,,,,,,,,0.562,0.05,0.2,3,2,5,2024,130,9,19,True,1.5630492
2024-05-10,,,,,,,,,,,,,0.556,0.05,0.2,4,2,5,2024,131,10,19,True,1.5630492
2024-05-11,,,,,,,,,,,,,0.55,0.04,0.19,5,2,5,2024,132,11,19,True,1.5630492
2024-05-12,,,,,,,,,,,,,0.545,0.04,0.19,6,2,5,2024,133,12,19,True,1.5630492
2024-05-13,,,,,,,,,,,,,0.539,0.03,0.19,0,2,5,2024,134,13,20,True,1.5630492
2024-05-14,,,,,,,,,,,,,0.539,0.03,0.18,1,2,5,2024,135,14,20,True,1.5630492
2024-05-15,,,,,,,,,,,,,0.533,0.02,0.18,2,2,5,2024,136,15,20,True,1.5630492
2024-05-16,,,,,,,,,,,,,0.521,0.01,0.17,3,2,5,2024,137,16,20,True,1.5630492
2024-05-17,,,,,,,,,,,,,5.16,0.01,0.17,4,2,5,2024,138,17,20,True,1.6961068
2024-05-18,,,,,,,,,,,,,0.51,0.0,0.17,5,2,5,2024,139,18,20,True,1.5630492
2024-05-19,,,,,,,,,,,,,0.504,0.0,0.16,6,2,5,2024,140,19,20,True,1.5630492
2024-05-20,,,,,,,,,,,,,0.498,0.0,0.16,0,2,5,2024,141,20,21,True,1.5630492
2024-05-21,,,,,,,,,,,,,0.492,0.0,0.15,1,2,5,2024,142,21,21,True,1.5630492
2024-05-22,,,,,,,,,,,,,0.487,0.0,0.15,2,2,5,2024,143,22,21,True,1.5630492
2024-05-23,,,,,,,,,,,,,0.481,0.0,0.15,3,2,5,2024,144,23,21,True,1.5630492
2024-05-24,,,,,,,,,,,,,0.475,0.0,0.14,4,2,5,2024,145,24,21,True,1.5630492
2024-05-25,,,,,,,,,,,,,0.469,0.0,0.14,5,2,5,2024,146,25,21,True,1.5630492
2024-05-26,,,,,,,,,,,,,0.463,0.0,0.13,6,2,5,2024,147,26,21,True,1.5630492
2024-05-27,,,,,,,,,,,,,0.457,0.0,0.12,0,2,5,2024,148,27,22,True,1.5630492
2024-05-28,,,,,,,,,,,,,0.451,0.0,0.08,1,2,5,2024,149,28,22,True,1.5630492
2024-05-29,,,,,,,,,,,,,0.446,0.0,0.07,2,2,5,2024,150,29,22,True,1.5630492
2024-05-30,,,,,,,,,,,,,0.44,0.0,0.05,3,2,5,2024,151,30,22,True,1.5630492
2024-05-31,,,,,,,,,,,,,0.434,0.0,0.03,4,2,5,2024,152,31,22,True,1.676981
2024-06-01,,,,,,,,,,,,,0.428,0.0,0.02,5,2,6,2024,153,1,22,True,1.3440014
2024-06-02,,,,,,,,,,,,,0.423,0.0,0.01,6,2,6,2024,154,2,22,True,1.3440014
2024-06-03,,,,,,,,,,,,,0.417,0.0,0.0,0,2,6,2024,155,3,23,True,1.3440014
2024-06-04,,,,,,,,,,,,,0.411,0.0,0.0,1,2,6,2024,156,4,23,True,1.3440014
2024-06-05,,,,,,,,,,,,,0.405,0.0,0.0,2,2,6,2024,157,5,23,True,1.3440014
2024-06-06,,,,,,,,,,,,,0.39,0.0,0.0,3,2,6,2024,158,6,23,True,1.3440014
2024-06-07,,,,,,,,,,,,,0.394,0.0,0.0,4,2,6,2024,159,7,23,True,1.3440014
2024-06-08,,,,,,,,,,,,,0.388,0.0,0.0,5,2,6,2024,160,8,23,True,1.3440014
2024-06-09,,,,,,,,,,,,,0.376,0.0,0.0,6,2,6,2024,161,9,23,True,1.3440014
2024-06-10,,,,,,,,,,,,,0.376,0.0,0.0,0,2,6,2024,162,10,24,True,1.3440014
2024-06-11,,,,,,,,,,,,,0.37,0.0,0.0,1,2,6,2024,163,11,24,True,1.3440014
2024-06-12,,,,,,,,,,,,,0.365,0.0,0.0,2,2,6,2024,164,12,24,True,1.3440014
2024-06-13,,,,,,,,,,,,,0.359,0.0,0.0,3,2,6,2024,165,13,24,True,1.3440014
2024-06-14,,,,,,,,,,,,,0.347,0.0,0.0,4,2,6,2024,166,14,24,True,0.6978419
2024-06-15,,,,,,,,,,,,,0.347,0.0,0.0,5,2,6,2024,167,15,24,True,0.6978419
2024-06-16,,,,,,,,,,,,,0.34,0.0,0.0,6,2,6,2024,168,16,24,True,0.6978419
2024-06-17,,,,,,,,,,,,,0.34,0.0,0.0,0,2,6,2024,169,17,25,True,0.6978419
2024-06-18,,,,,,,,,,,,,0.33,0.0,0.0,1,2,6,2024,170,18,25,True,0.53511065
2024-06-19,,,,,,,,,,,,,0.324,0.0,0.0,2,2,6,2024,171,19,25,True,0.36021692
2024-06-20,,,,,,,,,,,,,0.318,0.0,0.0,3,2,6,2024,172,20,25,True,0.33642495
2024-06-21,,,,,,,,,,,,,0.312,0.0,0.0,4,2,6,2024,173,21,25,True,0.33642495
2024-06-22,,,,,,,,,,,,,0.306,0.0,0.0,5,2,6,2024,174,22,25,True,0.33642495
2024-06-23,,,,,,,,,,,,,0.301,0.0,0.0,6,2,6,2024,175,23,25,True,0.33642495
2024-06-24,,,,,,,,,,,,,,0.0,0.0,0,2,6,2024,176,24,26,True,0.33642495
2024-06-25,,,,,,,,,,,,,,0.0,0.0,1,2,6,2024,177,25,26,True,0.33642495
2024-06-26,,,,,,,,,,,,,,0.0,0.0,2,2,6,2024,178,26,26,True,0.33642495
2024-06-27,,,,,,,,,,,,,,0.0,0.32,3,2,6,2024,179,27,26,True,0.3705332
2024-06-28,,,,,,,,,,,,,,0.0,0.31,4,2,6,2024,180,28,26,True,0.3705332
2024-06-29,,,,,,,,,,,,,,0.0,0.31,5,2,6,2024,181,29,26,True,0.3705332
2024-06-30,,,,,,,,,,,,,,0.0,0.31,6,2,6,2024,182,30,26,True,0.3705332
2024-07-01,,,,,,,,,,,,,,0.0,0.41,0,3,7,2024,183,1,27,True,0.3705332
2024-07-02,,,,,,,,,,,,,,0.0,0.41,1,3,7,2024,184,2,27,True,0.3705332
2024-07-03,,,,,,,,,,,,,,0.0,0.42,2,3,7,2024,185,3,27,True,0.3705332
2024-07-04,,,,,,,,,,,,,,0.0,0.62,3,3,7,2024,186,4,27,True,0.3705332
2024-07-05,,,,,,,,,,,,,,0.0,0.71,4,3,7,2024,187,5,27,True,0.3705332
2024-07-06,,,,,,,,,,,,,,0.0,0.71,5,3,7,2024,188,6,27,True,0.3705332
2024-07-07,,,,,,,,,,,,,,0.0,0.71,6,3,7,2024,189,7,27,True,0.3705332
2024-07-08,,,,,,,,,,,,,,0.0,0.69,0,3,7,2024,190,8,28,True,0.3705332
2024-07-09,,,,,,,,,,,,,,0.0,0.69,1,3,7,2024,191,9,28,True,0.3705332
2024-07-10,,,,,,,,,,,,,,0.0,0.68,2,3,7,2024,192,10,28,True,0.3705332
2024-07-11,,,,,,,,,,,,,,0.0,0.68,3,3,7,2024,193,11,28,True,0.3705332
2024-07-12,,,,,,,,,,,,,,0.0,0.66,4,3,7,2024,194,12,28,True,0.3705332
2024-07-13,,,,,,,,,,,,,,0.0,0.65,5,3,7,2024,195,13,28,True,0.3705332
2024-07-14,,,,,,,,,,,,,,0.0,0.65,6,3,7,2024,196,14,28,True,0.3705332
2024-07-15,,,,,,,,,,,,,,0.0,0.65,0,3,7,2024,197,15,29,True,0.3705332
2024-07-16,,,,,,,,,,,,,,0.0,2.1,1,3,7,2024,198,16,29,True,0.3705332
2024-07-17,,,,,,,,,,,,,,0.0,2.08,2,3,7,2024,199,17,29,True,0.3705332
2024-07-18,,,,,,,,,,,,,,0.0,2.07,3,3,7,2024,200,18,29,True,0.465171
2024-07-19,,,,,,,,,,,,,,0.0,2.05,4,3,7,2024,201,19,29,True,0.465171
2024-07-20,,,,,,,,,,,,,,0.0,2.03,5,3,7,2024,202,20,29,True,0.465171
2024-07-21,,,,,,,,,,,,,,0.0,3.17,6,3,7,2024,203,21,29,True,0.465171
2024-07-22,,,,,,,,,,,,,,0.0,3.17,0,3,7,2024,204,22,30,True,0.465171
2024-07-23,,,,,,,,,,,,,,0.0,3.17,1,3,7,2024,205,23,30,True,0.80767065
2024-07-24,,,,,,,,,,,,,,0.22,3.15,2,3,7,2024,206,24,30,True,0.80767065
2024-07-25,,,,,,,,,,,,,,0.32,3.18,3,3,7,2024,207,25,30,True,1.428039
2024-07-26,,,,,,,,,,,,,,0.34,3.18,4,3,7,2024,208,26,30,True,1.460889
2024-07-27,,,,,,,,,,,,,,0.35,4.08,5,3,7,2024,209,27,30,True,1.460889
2024-07-28,,,,,,,,,,,,,,0.36,4.06,6,3,7,2024,210,28,30,True,1.460889
2024-07-29,,,,,,,,,,,,,,0.39,4.04,0,3,7,2024,211,29,31,True,1.7191474
2024-07-30,,,,,,,,,,,,,,0.4,4.02,1,3,7,2024,212,30,31,True,1.7191474
2024-07-31,,,,,,,,,,,,,,0.97,4.01,2,3,7,2024,213,31,31,True,1.7394209
2024-08-01,,,,,,,,,,,,,,1.03,3.97,3,3,8,2024,214,1,31,True,1.7394209
2024-08-02,,,,,,,,,,,,,,1.03,4.45,4,3,8,2024,215,2,31,True,1.7394209
2024-08-03,,,,,,,,,,,,,,1.13,4.59,5,3,8,2024,216,3,31,True,1.7394209
2024-08-04,,,,,,,,,,,,,,1.94,4.74,6,3,8,2024,217,4,31,True,2.6237774
2024-08-05,,,,,,,,,,,,,,2.11,4.76,0,3,8,2024,218,5,32,True,2.6237774
2024-08-06,,,,,,,,,,,,,,2.1,4.76,1,3,8,2024,219,6,32,True,2.6237774
2024-08-07,,,,,,,,,,,,,,2.85,4.76,2,3,8,2024,220,7,32,True,2.6237774
2024-08-08,,,,,,,,,,,,,,3.2,4.76,3,3,8,2024,221,8,32,True,2.6237774
2024-08-09,,,,,,,,,,,,,,3.2,5.04,4,3,8,2024,222,9,32,True,2.6237774
2024-08-10,,,,,,,,,,,,,,3.18,5.04,5,3,8,2024,223,10,32,True,2.6237774
2024-08-11,,,,,,,,,,,,,,3.18,5.06,6,3,8,2024,224,11,32,True,2.6237774
2024-08-12,,,,,,,,,,,,,,3.17,5.02,0,3,8,2024,225,12,33,True,2.6237774
2024-08-13,,,,,,,,,,,,,,3.15,4.96,1,3,8,2024,226,13,33,True,2.6237774
2024-08-14,,,,,,,,,,,,,,3.28,4.9,2,3,8,2024,227,14,33,True,2.6237774
2024-08-15,,,,,,,,,,,,,,4.94,4.84,3,3,8,2024,228,15,33,True,2.6237774
2024-08-16,,,,,,,,,,,,,,9.0,4.78,4,3,8,2024,229,16,33,True,2.6237774
2024-08-17,,,,,,,,,,,,,,11.3,4.74,5,3,8,2024,230,17,33,True,2.6237774
2024-08-18,,,,,,,,,,,,,,16.16,4.71,6,3,8,2024,231,18,33,True,2.6237774
2024-08-19,,,,,,,,,,,,,,16.59,4.61,0,3,8,2024,232,19,34,True,2.6237774
2024-08-20,,,,,,,,,,,,,,16.38,4.53,1,3,8,2024,233,20,34,True,2.6237774
2024-08-21,,,,,,,,,,,,,,16.59,4.51,2,3,8,2024,234,21,34,True,2.6237774
2024-08-22,,,,,,,,,,,,,,16.42,4.45,3,3,8,2024,235,22,34,True,2.6237774
2024-08-23,,,,,,,,,,,,,,16.33,4.4,4,3,8,2024,236,23,34,True,2.6237774
2024-08-24,,,,,,,,,,,,,,16.29,4.34,5,3,8,2024,237,24,34,True,2.6237774
2024-08-25,,,,,,,,,,,,,,16.5,4.34,6,3,8,2024,238,25,34,True,2.6237774
2024-08-26,,,,,,,,,,,,,,16.72,4.25,0,3,8,2024,239,26,35,True,2.6237774
2024-08-27,,,,,,,,,,,,,,16.38,4.78,1,3,8,2024,240,27,35,True,2.6237774
2024-08-28,,,,,,,,,,,,,,16.5,10.63,2,3,8,2024,241,28,35,True,2.6237774
2024-08-29,,,,,,,,,,,,,,16.46,13.5,3,3,8,2024,242,29,35,True,2.6237774
2024-08-30,,,,,,,,,,,,,,16.5,13.5,4,3,8,2024,243,30,35,True,2.6237774
2024-08-31,,,,,,,,,,,,,,16.29,14.56,5,3,8,2024,244,31,35,True,2.6237774
2024-09-01,,,,,,,,,,,,,,16.25,14.52,6,3,9,2024,245,1,35,True,2.6237774
2024-09-02,,,,,,,,,,,,,,16.2,16.29,0,3,9,2024,246,2,36,True,2.6237774
2024-09-03,,,,,,,,,,,,,,16.16,16.42,1,3,9,2024,247,3,36,True,2.6237774
2024-09-04,,,,,,,,,,,,,,16.12,16.25,2,3,9,2024,248,4,36,True,2.6237774
2024-09-05,,,,,,,,,,,,,,16.12,16.16,3,3,9,2024,249,5,36,True,2.6237774
2024-09-06,,,,,,,,,,,,,,16.12,16.16,4,3,9,2024,250,6,36,True,2.6237774
2024-09-07,,,,,,,,,,,,,,16.12,16.08,5,3,9,2024,251,7,36,True,2.6237774
2024-09-08,,,,,,,,,,,,,,16.08,16.0,6,3,9,2024,252,8,36,True,2.6237774
2024-09-09,,,,,,,,,,,,,,16.04,15.96,0,3,9,2024,253,9,37,True,2.6237774
2024-09-10,,,,,,,,,,,,,,16.04,16.04,1,3,9,2024,254,10,37,True,2.6237774
2024-09-11,,,,,,,,,,,,,,16.0,16.0,2,3,9,2024,255,11,37,True,2.6237774
2024-09-12,,,,,,,,,,,,,,15.96,15.96,3,3,9,2024,256,12,37,True,2.6237774
2024-09-13,,,,,,,,,,,,,,15.92,15.92,4,3,9,2024,257,13,37,True,2.6237774
2024-09-14,,,,,,,,,,,,,,15.88,15.88,5,3,9,2024,258,14,37,True,2.6237774
2024-09-15,,,,,,,,,,,,,,15.88,15.84,6,3,9,2024,259,15,37,True,2.6237774
2024-09-16,,,,,,,,,,,,,,15.8,15.8,0,3,9,2024,260,16,38,True,2.6237774
2024-09-17,,,,,,,,,,,,,,15.76,15.76,1,3,9,2024,261,17,38,True,2.6237774
2024-09-18,,,,,,,,,,,,,,15.68,15.76,2,3,9,2024,262,18,38,True,2.6237774
2024-09-19,,,,,,,,,,,,,,15.6,15.72,3,3,9,2024,263,19,38,True,2.6237774
2024-09-20,,,,,,,,,,,,,,15.52,15.68,4,3,9,2024,264,20,38,True,2.6237774
2024-09-21,,,,,,,,,,,,,,15.48,15.64,5,3,9,2024,265,21,38,True,2.6237774
2024-09-22,,,,,,,,,,,,,,15.48,15.6,6,3,9,2024,266,22,38,True,2.6237774
2024-09-23,,,,,,,,,,,,,,15.48,15.56,0,3,9,2024,267,23,39,True,2.6237774
2024-09-24,,,,,,,,,,,,,,15.44,15.52,1,3,9,2024,268,24,39,True,2.6237774
2024-09-25,,,,,,,,,,,,,,15.4,15.39,2,3,9,2024,269,25,39,True,2.6237774
2024-09-26,,,,,,,,,,,,,,15.4,15.2,3,3,9,2024,270,26,39,True,2.6237774
2024-09-27,,,,,,,,,,,,,,15.36,15.0,4,3,9,2024,271,27,39,True,2.6237774
2024-09-28,,,,,,,,,,,,,,15.36,14.96,5,3,9,2024,272,28,39,True,2.6237774
2024-09-29,,,,,,,,,,,,,,15.36,14.92,6,3,9,2024,273,29,39,True,2.6237774
2024-09-30,,,,,,,,,,,,,,15.32,14.84,0,3,9,2024,274,30,40,True,2.6237774
2024-10-01,,,,,,,,,,,,,,15.28,14.76,1,4,10,2024,275,1,40,True,2.6237774
2024-10-02,,,,,,,,,,,,,,15.24,14.76,2,4,10,2024,276,2,40,True,2.6237774
2024-10-03,,,,,,,,,,,,,,15.2,14.72,3,4,10,2024,277,3,40,True,2.6237774
2024-10-04,,,,,,,,,,,,,,15.15,14.6,4,4,10,2024,278,4,40,True,2.6146998
2024-10-05,,,,,,,,,,,,,,14.96,14.48,5,4,10,2024,279,5,40,True,2.6146998
2024-10-06,,,,,,,,,,,,,,14.84,14.4,6,4,10,2024,280,6,40,True,2.5867352
2024-10-07,,,,,,,,,,,,,,14.72,14.36,0,4,10,2024,281,7,41,True,2.5575576
2024-10-08,,,,,,,,,,,,,,14.6,14.32,1,4,10,2024,282,8,41,True,2.5575576
2024-10-09,,,,,,,,,,,,,,14.56,14.2,2,4,10,2024,283,9,41,True,2.4828868
2024-10-10,,,,,,,,,,,,,,14.52,14.13,3,4,10,2024,284,10,41,True,2.4828868
2024-10-11,,,,,,,,,,,,,,14.48,14.05,4,4,10,2024,285,11,41,True,2.4479008
2024-10-12,,,,,,,,,,,,,,14.44,13.98,5,4,10,2024,286,12,41,True,2.4110904
2024-10-13,,,,,,,,,,,,,,14.32,13.9,6,4,10,2024,287,13,41,True,2.4110904
2024-10-14,,,,,,,,,,,,,,14.24,13.83,0,4,10,2024,288,14,42,True,2.3722942
2024-10-15,,,,,,,,,,,,,,14.13,13.76,1,4,10,2024,289,15,42,True,2.3722942
2024-10-16,,,,,,,,,,,,,,14.02,13.72,2,4,10,2024,290,16,42,True,2.3350332
2024-10-17,,,,,,,,,,,,,,13.9,13.68,3,4,10,2024,291,17,42,True,2.2787046
2024-10-18,,,,,,,,,,,,,,13.79,13.65,4,4,10,2024,292,18,42,True,2.2787046
2024-10-19,,,,,,,,,,,,,,13.79,13.61,5,4,10,2024,293,19,42,True,2.2174911
2024-10-20,,,,,,,,,,,,,,13.72,13.5,6,4,10,2024,294,20,42,True,2.2174911
2024-10-21,,,,,,,,,,,,,,13.65,13.39,0,4,10,2024,295,21,43,True,2.1682792
2024-10-22,,,,,,,,,,,,,,13.61,13.28,1,4,10,2024,296,22,43,True,2.1225
2024-10-23,,,,,,,,,,,,,,13.54,13.16,2,4,10,2024,297,23,43,True,2.1225
2024-10-24,,,,,,,,,,,,,,13.46,13.05,3,4,10,2024,298,24,43,True,2.087114
2024-10-25,,,,,,,,,,,,,,13.35,12.94,4,4,10,2024,299,25,43,True,2.0390859
2024-10-26,,,,,,,,,,,,,,13.24,12.87,5,4,10,2024,300,26,43,True,2.0390859
2024-10-27,,,,,,,,,,,,,,13.13,12.76,6,4,10,2024,301,27,43,True,1.9791933
2024-10-28,,,,,,,,,,,,,,13.05,12.98,0,4,10,2024,302,28,44,True,1.9791933
2024-10-29,,,,,,,,,,,,,,12.98,12.94,1,4,10,2024,303,29,44,True,1.9361798
2024-10-30,,,,,,,,,,,,,,12.91,12.91,2,4,10,2024,304,30,44,True,1.9242221
2024-10-31,,,,,,,,,,,,,,12.83,12.87,3,4,10,2024,305,31,44,True,1.9242221
2024-11-01,,,,,,,,,,,,,,12.76,12.68,4,4,11,2024,306,1,44,True,1.8440739
2024-11-02,,,,,,,,,,,,,,12.68,12.57,5,4,11,2024,307,2,44,True,1.8440739
2024-11-03,,,,,,,,,,,,,,12.61,12.5,6,4,11,2024,308,3,44,True,1.77825
2024-11-04,,,,,,,,,,,,,,12.54,12.43,0,4,11,2024,309,4,45,True,1.7211286
2024-11-05,,,,,,,,,,,,,,12.46,12.35,1,4,11,2024,310,5,45,True,1.7211286
2024-11-06,,,,,,,,,,,,,,12.39,12.32,2,4,11,2024,311,6,45,True,1.6455488
2024-11-07,,,,,,,,,,,,,,12.39,12.28,3,4,11,2024,312,7,45,True,1.6455488
2024-11-08,,,,,,,,,,,,,,12.35,12.25,4,4,11,2024,313,8,45,True,1.5970956
2024-11-09,,,,,,,,,,,,,,12.25,12.11,5,4,11,2024,314,9,45,True,1.5970956
2024-11-10,,,,,,,,,,,,,,12.15,11.98,6,4,11,2024,315,10,45,True,1.5970956
2024-11-11,,,,,,,,,,,,,,12.04,11.84,0,4,11,2024,316,11,46,True,1.5603873
2024-11-12,,,,,,,,,,,,,,12.04,11.71,1,4,11,2024,317,12,46,True,1.5603873
2024-11-13,,,,,,,,,,,,,,11.98,11.77,2,4,11,2024,318,13,46,True,1.5369924
2024-11-14,,,,,,,,,,,,,,11.91,11.64,3,4,11,2024,319,14,46,True,1.5369924
2024-11-15,,,,,,,,,,,,,,11.84,11.5,4,4,11,2024,320,15,46,True,1.5369924
2024-11-16,,,,,,,,,,,,,,11.74,11.37,5,4,11,2024,321,16,46,True,1.5369924
2024-11-17,,,,,,,,,,,,,,11.64,11.23,6,4,11,2024,322,17,46,True,1.5369924
2024-11-18,,,,,,,,,,,,,,11.54,11.1,0,4,11,2024,323,18,47,True,1.5369924
2024-11-19,,,,,,,,,,,,,,11.47,10.96,1,4,11,2024,324,19,47,True,1.5369924
2024-11-20,,,,,,,,,,,,,,11.4,11.07,2,4,11,2024,325,20,47,True,1.5369924
2024-11-21,,,,,,,,,,,,,,11.3,11.07,3,4,11,2024,326,21,47,True,1.5326097
2024-11-22,,,,,,,,,,,,,,11.27,11.03,4,4,11,2024,327,22,47,True,1.5326097
2024-11-23,,,,,,,,,,,,,,11.2,10.93,5,4,11,2024,328,23,47,True,1.5326097
2024-11-24,,,,,,,,,,,,,,11.1,10.86,6,4,11,2024,329,24,47,True,1.5326097
2024-11-25,,,,,,,,,,,,,,11.0,10.76,0,4,11,2024,330,25,48,True,1.5326097
2024-11-26,,,,,,,,,,,,,,10.9,10.69,1,4,11,2024,331,26,48,True,1.5326097
2024-11-27,,,,,,,,,,,,,,10.8,10.63,2,4,11,2024,332,27,48,True,1.5326097
2024-11-28,,,,,,,,,,,,,,10.69,10.44,3,4,11,2024,333,28,48,True,1.5326097
2024-11-29,,,,,,,,,,,,,,10.6,10.35,4,4,11,2024,334,29,48,True,1.5326097
2024-11-30,,,,,,,,,,,,,,10.56,10.26,5,4,11,2024,335,30,48,True,1.5326097
2024-12-01,,,,,,,,,,,,,,10.5,10.16,6,4,12,2024,336,1,48,True,1.5326097
