,almacenamiento,temp,humidity,precip,preciptype,uvindex,conditions_Clear,conditions_Overcast,conditions_Partially cloudy,conditions_Rain,"conditions_Rain, Overcast","conditions_Rain, Partially cloudy",lag1,lag2,lag3,dayofweek,quarter,month,year,dayofyear,dayofmonth,weekofyear,isfuture,pred
2023-06-26,,,,,,,,,,,,,2.42,1.14,6.49,0,2,6,2023,177,26,26,True,2.2297103
2023-06-27,,,,,,,,,,,,,2.43,1.14,6.47,1,2,6,2023,178,27,26,True,2.2297103
2023-06-28,,,,,,,,,,,,,2.43,1.13,6.47,2,2,6,2023,179,28,26,True,2.2297103
2023-06-29,,,,,,,,,,,,,2.43,1.13,6.42,3,2,6,2023,180,29,26,True,2.2297103
2023-06-30,,,,,,,,,,,,,2.43,1.13,6.42,4,2,6,2023,181,30,26,True,2.2297103
2023-07-01,,,,,,,,,,,,,2.43,1.14,6.4,5,3,7,2023,182,1,26,True,2.2297103
2023-07-02,,,,,,,,,,,,,2.42,1.14,6.4,6,3,7,2023,183,2,26,True,2.2297103
2023-07-03,,,,,,,,,,,,,2.42,1.14,6.37,0,3,7,2023,184,3,27,True,2.2297103
2023-07-04,,,,,,,,,,,,,2.41,1.27,6.3,1,3,7,2023,185,4,27,True,2.2297103
2023-07-05,,,,,,,,,,,,,2.41,1.27,6.25,2,3,7,2023,186,5,27,True,2.2297103
2023-07-06,,,,,,,,,,,,,2.4,1.28,6.23,3,3,7,2023,187,6,27,True,2.2297103
2023-07-07,,,,,,,,,,,,,2.39,1.29,6.18,4,3,7,2023,188,7,27,True,2.2297103
2023-07-08,,,,,,,,,,,,,2.38,1.28,6.16,5,3,7,2023,189,8,27,True,2.2297103
2023-07-09,,,,,,,,,,,,,2.37,1.27,6.09,6,3,7,2023,190,9,27,True,2.2297103
2023-07-10,,,,,,,,,,,,,2.37,1.29,6.07,0,3,7,2023,191,10,28,True,2.2297103
2023-07-11,,,,,,,,,,,,,2.34,1.29,6.02,1,3,7,2023,192,11,28,True,2.2297103
2023-07-12,,,,,,,,,,,,,2.28,1.29,5.95,2,3,7,2023,193,12,28,True,2.2297103
2023-07-13,,,,,,,,,,,,,2.22,1.29,5.91,3,3,7,2023,194,13,28,True,2.2297103
2023-07-14,,,,,,,,,,,,,2.18,1.31,5.86,4,3,7,2023,195,14,28,True,2.2297103
2023-07-15,,,,,,,,,,,,,2.18,1.31,5.84,5,3,7,2023,196,15,28,True,2.2297103
2023-07-16,,,,,,,,,,,,,2.18,1.31,5.82,6,3,7,2023,197,16,28,True,2.2297103
2023-07-17,,,,,,,,,,,,,2.16,1.36,5.79,0,3,7,2023,198,17,29,True,2.2297103
2023-07-18,,,,,,,,,,,,,2.15,1.38,5.77,1,3,7,2023,199,18,29,True,2.2297103
2023-07-19,,,,,,,,,,,,,2.14,1.38,5.77,2,3,7,2023,200,19,29,True,2.2297103
2023-07-20,,,,,,,,,,,,,2.13,2.46,5.77,3,3,7,2023,201,20,29,True,2.3983135
2023-07-21,,,,,,,,,,,,,2.12,2.46,5.77,4,3,7,2023,202,21,29,True,2.3983135
2023-07-22,,,,,,,,,,,,,2.11,2.47,5.77,5,3,7,2023,203,22,29,True,2.3983135
2023-07-23,,,,,,,,,,,,,2.1,2.48,5.75,6,3,7,2023,204,23,29,True,2.3983135
2023-07-24,,,,,,,,,,,,,2.11,2.51,5.75,0,3,7,2023,205,24,30,True,2.3983135
2023-07-25,,,,,,,,,,,,,2.11,2.55,5.72,1,3,7,2023,206,25,30,True,2.3983135
2023-07-26,,,,,,,,,,,,,2.11,2.58,5.72,2,3,7,2023,207,26,30,True,2.3983135
2023-07-27,,,,,,,,,,,,,2.11,2.58,5.7,3,3,7,2023,208,27,30,True,2.3983135
2023-07-28,,,,,,,,,,,,,2.11,2.58,5.7,4,3,7,2023,209,28,30,True,2.3983135
2023-07-29,,,,,,,,,,,,,2.11,4.73,5.7,5,3,7,2023,210,29,30,True,2.3983135
2023-07-30,,,,,,,,,,,,,2.11,4.73,5.68,6,3,7,2023,211,30,30,True,2.3983135
2023-07-31,,,,,,,,,,,,,2.11,4.73,5.68,0,3,7,2023,212,31,31,True,2.622571
2023-08-01,,,,,,,,,,,,,2.11,4.73,5.68,1,3,8,2023,213,1,31,True,2.622571
2023-08-02,,,,,,,,,,,,,2.1,4.73,5.61,2,3,8,2023,214,2,31,True,2.622571
2023-08-03,,,,,,,,,,,,,2.1,4.73,5.56,3,3,8,2023,215,3,31,True,2.622571
2023-08-04,,,,,,,,,,,,,2.1,4.73,5.56,4,3,8,2023,216,4,31,True,2.622571
2023-08-05,,,,,,,,,,,,,2.09,4.75,5.5,5,3,8,2023,217,5,31,True,2.622571
2023-08-06,,,,,,,,,,,,,2.09,4.77,5.5,6,3,8,2023,218,6,31,True,2.622571
2023-08-07,,,,,,,,,,,,,2.09,4.77,5.4,0,3,8,2023,219,7,32,True,2.622571
2023-08-08,,,,,,,,,,,,,2.09,4.77,5.38,1,3,8,2023,220,8,32,True,2.622571
2023-08-09,,,,,,,,,,,,,2.09,4.77,5.38,2,3,8,2023,221,9,32,True,2.622571
2023-08-10,,,,,,,,,,,,,2.1,4.77,5.38,3,3,8,2023,222,10,32,True,2.622571
2023-08-11,,,,,,,,,,,,,2.12,6.98,5.38,4,3,8,2023,223,11,32,True,2.3866541
2023-08-12,,,,,,,,,,,,,2.12,6.89,5.36,5,3,8,2023,224,12,32,True,2.8026202
2023-08-13,,,,,,,,,,,,,2.12,7.28,5.33,6,3,8,2023,225,13,32,True,4.1939282
2023-08-14,,,,,,,,,,,,,2.12,7.28,5.33,0,3,8,2023,226,14,33,True,4.1939282
2023-08-15,,,,,,,,,,,,,2.12,7.28,5.31,1,3,8,2023,227,15,33,True,4.3662834
2023-08-16,,,,,,,,,,,,,2.13,7.3,5.31,2,3,8,2023,228,16,33,True,4.3662834
2023-08-17,,,,,,,,,,,,,4.64,7.3,5.29,3,3,8,2023,229,17,33,True,4.3662834
2023-08-18,,,,,,,,,,,,,5.2,7.3,5.26,4,3,8,2023,230,18,33,True,5.3399744
2023-08-19,,,,,,,,,,,,,5.24,7.3,5.24,5,3,8,2023,231,19,33,True,5.3399744
2023-08-20,,,,,,,,,,,,,5.29,7.3,5.24,6,3,8,2023,232,20,33,True,5.3399744
2023-08-21,,,,,,,,,,,,,5.29,7.3,5.22,0,3,8,2023,233,21,34,True,5.3399744
2023-08-22,,,,,,,,,,,,,5.29,7.3,5.22,1,3,8,2023,234,22,34,True,5.3399744
2023-08-23,,,,,,,,,,,,,5.33,7.3,5.2,2,3,8,2023,235,23,34,True,5.3399744
2023-08-24,,,,,,,,,,,,,5.33,7.32,5.17,3,3,8,2023,236,24,34,True,5.3399744
2023-08-25,,,,,,,,,,,,,5.33,7.32,5.15,4,3,8,2023,237,25,34,True,5.3399744
2023-08-26,,,,,,,,,,,,,5.33,7.32,5.15,5,3,8,2023,238,26,34,True,5.3399744
2023-08-27,,,,,,,,,,,,,5.33,7.32,5.15,6,3,8,2023,239,27,34,True,5.3399744
2023-08-28,,,,,,,,,,,,,5.33,7.32,5.15,0,3,8,2023,240,28,35,True,5.3399744
2023-08-29,,,,,,,,,,,,,5.45,7.32,5.15,1,3,8,2023,241,29,35,True,4.1806827
2023-08-30,,,,,,,,,,,,,5.45,7.98,5.13,2,3,8,2023,242,30,35,True,4.1806827
2023-08-31,,,,,,,,,,,,,5.45,8.04,5.13,3,3,8,2023,243,31,35,True,4.1806827
2023-09-01,,,,,,,,,,,,,5.45,8.04,5.13,4,3,9,2023,244,1,35,True,4.1806827
2023-09-02,,,,,,,,,,,,,5.49,8.04,5.13,5,3,9,2023,245,2,35,True,4.1806827
2023-09-03,,,,,,,,,,,,,5.49,8.04,5.13,6,3,9,2023,246,3,35,True,4.1806827
2023-09-04,,,,,,,,,,,,,5.49,8.04,5.13,0,3,9,2023,247,4,36,True,4.1806827
2023-09-05,,,,,,,,,,,,,5.49,8.04,5.11,1,3,9,2023,248,5,36,True,4.1806827
2023-09-06,,,,,,,,,,,,,5.49,8.04,5.11,2,3,9,2023,249,6,36,True,4.1806827
2023-09-07,,,,,,,,,,,,,5.49,8.04,5.11,3,3,9,2023,250,7,36,True,4.1806827
2023-09-08,,,,,,,,,,,,,5.49,8.04,5.11,4,3,9,2023,251,8,36,True,4.1806827
2023-09-09,,,,,,,,,,,,,5.52,8.04,5.11,5,3,9,2023,252,9,36,True,4.1806827
2023-09-10,,,,,,,,,,,,,5.52,8.04,5.09,6,3,9,2023,253,10,36,True,4.1806827
2023-09-11,,,,,,,,,,,,,5.52,8.04,5.0,0,3,9,2023,254,11,37,True,4.1806827
2023-09-12,,,,,,,,,,,,,5.52,8.04,4.94,1,3,9,2023,255,12,37,True,4.1806827
2023-09-13,,,,,,,,,,,,,5.52,8.04,4.92,2,3,9,2023,256,13,37,True,4.1806827
2023-09-14,,,,,,,,,,,,,5.52,8.01,4.92,3,3,9,2023,257,14,37,True,4.1806827
2023-09-15,,,,,,,,,,,,,5.52,8.01,4.88,4,3,9,2023,258,15,37,True,4.1806827
2023-09-16,,,,,,,,,,,,,5.52,8.01,4.86,5,3,9,2023,259,16,37,True,4.1806827
2023-09-17,,,,,,,,,,,,,5.49,8.01,4.83,6,3,9,2023,260,17,37,True,4.1806827
2023-09-18,,,,,,,,,,,,,5.49,8.01,4.81,0,3,9,2023,261,18,38,True,4.1806827
2023-09-19,,,,,,,,,,,,,5.49,8.01,4.81,1,3,9,2023,262,19,38,True,4.1806827
2023-09-20,,,,,,,,,,,,,5.49,8.01,4.77,2,3,9,2023,263,20,38,True,4.1806827
2023-09-21,,,,,,,,,,,,,5.47,8.01,4.73,3,3,9,2023,264,21,38,True,4.1806827
2023-09-22,,,,,,,,,,,,,5.45,8.01,4.71,4,3,9,2023,265,22,38,True,4.1806827
2023-09-23,,,,,,,,,,,,,5.43,8.01,4.69,5,3,9,2023,266,23,38,True,4.1806827
2023-09-24,,,,,,,,,,,,,5.4,8.01,4.65,6,3,9,2023,267,24,38,True,4.970079
2023-09-25,,,,,,,,,,,,,5.4,8.01,4.65,0,3,9,2023,268,25,39,True,4.970079
2023-09-26,,,,,,,,,,,,,5.36,7.98,4.62,1,3,9,2023,269,26,39,True,4.970079
2023-09-27,,,,,,,,,,,,,5.36,7.98,4.62,2,3,9,2023,270,27,39,True,4.970079
2023-09-28,,,,,,,,,,,,,5.43,7.98,4.6,3,3,9,2023,271,28,39,True,4.1806827
2023-09-29,,,,,,,,,,,,,5.47,7.98,4.6,4,3,9,2023,272,29,39,True,4.1806827
2023-09-30,,,,,,,,,,,,,5.47,7.98,4.6,5,3,9,2023,273,30,39,True,4.1806827
2023-10-01,,,,,,,,,,,,,5.47,7.98,4.58,6,4,10,2023,274,1,39,True,4.1806827
2023-10-02,,,,,,,,,,,,,5.47,7.83,4.58,0,4,10,2023,275,2,40,True,4.1806827
2023-10-03,,,,,,,,,,,,,5.47,7.83,4.58,1,4,10,2023,276,3,40,True,4.1806827
2023-10-04,,,,,,,,,,,,,5.49,7.83,4.58,2,4,10,2023,277,4,40,True,4.1806827
2023-10-05,,,,,,,,,,,,,5.49,7.8,4.58,3,4,10,2023,278,5,40,True,4.1806827
2023-10-06,,,,,,,,,,,,,5.49,7.8,4.56,4,4,10,2023,279,6,40,True,4.1806827
2023-10-07,,,,,,,,,,,,,5.49,7.78,4.54,5,4,10,2023,280,7,40,True,4.1806827
2023-10-08,,,,,,,,,,,,,5.49,7.78,4.52,6,4,10,2023,281,8,40,True,4.1806827
2023-10-09,,,,,,,,,,,,,5.49,7.75,4.52,0,4,10,2023,282,9,41,True,4.1806827
2023-10-10,,,,,,,,,,,,,5.68,7.75,4.5,1,4,10,2023,283,10,41,True,4.1806827
2023-10-11,,,,,,,,,,,,,5.68,7.75,4.48,2,4,10,2023,284,11,41,True,4.1806827
2023-10-12,,,,,,,,,,,,,5.68,7.75,4.46,3,4,10,2023,285,12,41,True,4.1806827
2023-10-13,,,,,,,,,,,,,5.68,7.75,4.41,4,4,10,2023,286,13,41,True,4.1806827
2023-10-14,,,,,,,,,,,,,5.68,7.73,4.35,5,4,10,2023,287,14,41,True,4.1806827
2023-10-15,,,,,,,,,,,,,5.68,7.73,4.29,6,4,10,2023,288,15,41,True,4.1806827
2023-10-16,,,,,,,,,,,,,5.68,7.73,4.23,0,4,10,2023,289,16,42,True,4.1806827
2023-10-17,,,,,,,,,,,,,5.68,7.73,4.18,1,4,10,2023,290,17,42,True,4.1806827
2023-10-18,,,,,,,,,,,,,5.68,7.73,4.16,2,4,10,2023,291,18,42,True,4.1806827
2023-10-19,,,,,,,,,,,,,5.68,7.7,4.16,3,4,10,2023,292,19,42,True,4.1806827
2023-10-20,,,,,,,,,,,,,5.68,7.7,4.14,4,4,10,2023,293,20,42,True,4.1806827
2023-10-21,,,,,,,,,,,,,5.68,7.7,4.14,5,4,10,2023,294,21,42,True,4.1806827
2023-10-22,,,,,,,,,,,,,5.66,7.7,4.14,6,4,10,2023,295,22,42,True,4.1806827
2023-10-23,,,,,,,,,,,,,5.66,7.67,4.12,0,4,10,2023,296,23,43,True,4.1806827
2023-10-24,,,,,,,,,,,,,5.66,7.65,4.12,1,4,10,2023,297,24,43,True,4.1806827
2023-10-25,,,,,,,,,,,,,5.66,7.62,4.12,2,4,10,2023,298,25,43,True,4.1806827
2023-10-26,,,,,,,,,,,,,5.66,7.62,4.1,3,4,10,2023,299,26,43,True,4.1806827
2023-10-27,,,,,,,,,,,,,5.66,7.62,4.1,4,4,10,2023,300,27,43,True,4.1806827
2023-10-28,,,,,,,,,,,,,5.66,7.52,4.1,5,4,10,2023,301,28,43,True,4.1806827
2023-10-29,,,,,,,,,,,,,5.66,7.47,4.08,6,4,10,2023,302,29,43,True,4.1806827
2023-10-30,,,,,,,,,,,,,5.66,7.42,4.08,0,4,10,2023,303,30,44,True,4.1806827
2023-10-31,,,,,,,,,,,,,5.61,7.35,4.08,1,4,10,2023,304,31,44,True,4.1806827
2023-11-01,,,,,,,,,,,,,5.59,7.28,4.08,2,4,11,2023,305,1,44,True,4.1806827
2023-11-02,,,,,,,,,,,,,5.56,7.25,4.08,3,4,11,2023,306,2,44,True,4.1806827
2023-11-03,,,,,,,,,,,,,5.56,7.25,4.06,4,4,11,2023,307,3,44,True,4.1806827
2023-11-04,,,,,,,,,,,,,5.54,7.25,4.06,5,4,11,2023,308,4,44,True,4.1806827
2023-11-05,,,,,,,,,,,,,5.54,7.18,4.06,6,4,11,2023,309,5,44,True,4.1806827
2023-11-06,,,,,,,,,,,,,5.52,7.18,4.04,0,4,11,2023,310,6,45,True,4.1806827
2023-11-07,,,,,,,,,,,,,5.49,7.1,4.04,1,4,11,2023,311,7,45,True,4.1806827
2023-11-08,,,,,,,,,,,,,5.49,7.05,4.04,2,4,11,2023,312,8,45,True,4.1806827
2023-11-09,,,,,,,,,,,,,5.47,7.05,4.04,3,4,11,2023,313,9,45,True,4.1806827
2023-11-10,,,,,,,,,,,,,5.45,7.01,4.01,4,4,11,2023,314,10,45,True,4.1806827
2023-11-11,,,,,,,,,,,,,5.45,6.98,3.97,5,4,11,2023,315,11,45,True,4.1806827
2023-11-12,,,,,,,,,,,,,5.43,6.98,3.93,6,4,11,2023,316,12,45,True,4.1806827
2023-11-13,,,,,,,,,,,,,5.4,6.98,3.92,0,4,11,2023,317,13,46,True,4.970079
2023-11-14,,,,,,,,,,,,,5.4,6.98,3.88,1,4,11,2023,318,14,46,True,4.970079
2023-11-15,,,,,,,,,,,,,5.36,6.93,3.82,2,4,11,2023,319,15,46,True,4.970079
2023-11-16,,,,,,,,,,,,,5.33,6.91,3.8,3,4,11,2023,320,16,46,True,5.3399744
2023-11-17,,,,,,,,,,,,,5.29,6.86,3.75,4,4,11,2023,321,17,46,True,5.3058805
2023-11-18,,,,,,,,,,,,,5.26,6.79,3.73,5,4,11,2023,322,18,46,True,5.3058805
2023-11-19,,,,,,,,,,,,,5.24,6.74,3.68,6,4,11,2023,323,19,46,True,5.2592745
2023-11-20,,,,,,,,,,,,,5.22,6.69,3.66,0,4,11,2023,324,20,47,True,5.208001
2023-11-21,,,,,,,,,,,,,5.2,6.64,3.64,1,4,11,2023,325,21,47,True,5.208001
2023-11-22,,,,,,,,,,,,,5.15,6.59,3.62,2,4,11,2023,326,22,47,True,5.139883
2023-11-23,,,,,,,,,,,,,5.11,6.55,3.6,3,4,11,2023,327,23,47,True,5.139883
2023-11-24,,,,,,,,,,,,,5.07,6.49,3.58,4,4,11,2023,328,24,47,True,5.085081
2023-11-25,,,,,,,,,,,,,5.0,6.45,3.57,5,4,11,2023,329,25,47,True,5.018445
2023-11-26,,,,,,,,,,,,,4.94,6.4,3.55,6,4,11,2023,330,26,47,True,5.018445
2023-11-27,,,,,,,,,,,,,4.96,6.37,3.55,0,4,11,2023,331,27,48,True,5.018445
2023-11-28,,,,,,,,,,,,,4.94,6.35,3.55,1,4,11,2023,332,28,48,True,5.018445
2023-11-29,,,,,,,,,,,,,4.92,6.3,3.53,2,4,11,2023,333,29,48,True,5.018445
2023-11-30,,,,,,,,,,,,,4.88,6.28,3.53,3,4,11,2023,334,30,48,True,5.018445
2023-12-01,,,,,,,,,,,,,4.83,6.23,3.51,4,4,12,2023,335,1,48,True,5.018445
2023-12-02,,,,,,,,,,,,,4.79,6.21,3.51,5,4,12,2023,336,2,48,True,5.018445
2023-12-03,,,,,,,,,,,,,4.79,6.21,3.46,6,4,12,2023,337,3,48,True,5.018445
2023-12-04,,,,,,,,,,,,,4.79,6.18,3.42,0,4,12,2023,338,4,49,True,5.018445
2023-12-05,,,,,,,,,,,,,4.79,6.14,3.38,1,4,12,2023,339,5,49,True,5.018445
2023-12-06,,,,,,,,,,,,,4.79,6.12,3.36,2,4,12,2023,340,6,49,True,5.018445
2023-12-07,,,,,,,,,,,,,4.79,6.09,3.33,3,4,12,2023,341,7,49,True,5.018445
2023-12-08,,,,,,,,,,,,,4.77,6.07,3.31,4,4,12,2023,342,8,49,True,5.018445
2023-12-09,,,,,,,,,,,,,4.77,6.07,3.31,5,4,12,2023,343,9,49,True,5.018445
2023-12-10,,,,,,,,,,,,,4.77,6.07,3.31,6,4,12,2023,344,10,49,True,5.018445
2023-12-11,,,,,,,,,,,,,4.77,6.07,3.31,0,4,12,2023,345,11,50,True,5.018445
2023-12-12,,,,,,,,,,,,,4.77,6.07,3.29,1,4,12,2023,346,12,50,True,5.018445
2023-12-13,,,,,,,,,,,,,4.77,6.07,3.29,2,4,12,2023,347,13,50,True,5.018445
2023-12-14,,,,,,,,,,,,,4.77,6.02,3.29,3,4,12,2023,348,14,50,True,5.018445
2023-12-15,,,,,,,,,,,,,4.77,6.02,3.25,4,4,12,2023,349,15,50,True,5.018445
2023-12-16,,,,,,,,,,,,,4.75,6.0,3.22,5,4,12,2023,350,16,50,True,5.018445
2023-12-17,,,,,,,,,,,,,4.75,6.0,3.18,6,4,12,2023,351,17,50,True,5.018445
2023-12-18,,,,,,,,,,,,,4.75,5.98,3.14,0,4,12,2023,352,18,51,True,5.018445
2023-12-19,,,,,,,,,,,,,4.75,5.95,3.11,1,4,12,2023,353,19,51,True,5.018445
2023-12-20,,,,,,,,,,,,,4.67,5.93,3.09,2,4,12,2023,354,20,51,True,5.018445
2023-12-21,,,,,,,,,,,,,4.65,5.91,3.05,3,4,12,2023,355,21,51,True,5.018445
2023-12-22,,,,,,,,,,,,,4.58,5.89,3.02,4,4,12,2023,356,22,51,True,5.018445
2023-12-23,,,,,,,,,,,,,4.52,5.86,2.99,5,4,12,2023,357,23,51,True,5.018445
2023-12-24,,,,,,,,,,,,,4.48,5.84,2.98,6,4,12,2023,358,24,51,True,5.018445
2023-12-25,,,,,,,,,,,,,4.48,5.84,2.95,0,4,12,2023,359,25,52,True,5.018445
2023-12-26,,,,,,,,,,,,,4.44,5.77,2.94,1,4,12,2023,360,26,52,True,5.018445
2023-12-27,,,,,,,,,,,,,4.41,5.72,2.91,2,4,12,2023,361,27,52,True,5.018445
2023-12-28,,,,,,,,,,,,,4.35,5.68,2.88,3,4,12,2023,362,28,52,True,5.018445
2023-12-29,,,,,,,,,,,,,4.35,5.68,2.87,4,4,12,2023,363,29,52,True,5.018445
2023-12-30,,,,,,,,,,,,,4.35,5.61,2.86,5,4,12,2023,364,30,52,True,5.018445
2023-12-31,,,,,,,,,,,,,4.35,5.61,2.86,6,4,12,2023,365,31,52,True,5.018445
2024-01-01,,,,,,,,,,,,,4.35,5.61,2.86,0,1,1,2024,1,1,1,True,3.140427
2024-01-02,,,,,,,,,,,,,4.35,5.61,2.83,1,1,1,2024,2,2,1,True,3.140427
2024-01-03,,,,,,,,,,,,,4.35,5.61,2.8,2,1,1,2024,3,3,1,True,3.140427
2024-01-04,,,,,,,,,,,,,4.33,5.61,2.79,3,1,1,2024,4,4,1,True,3.140427
2024-01-05,,,,,,,,,,,,,4.33,5.61,2.78,4,1,1,2024,5,5,1,True,3.140427
2024-01-06,,,,,,,,,,,,,4.33,5.59,2.74,5,1,1,2024,6,6,1,True,3.140427
2024-01-07,,,,,,,,,,,,,4.33,5.59,2.71,6,1,1,2024,7,7,1,True,3.140427
2024-01-08,,,,,,,,,,,,,4.31,5.56,2.71,0,1,1,2024,8,8,2,True,3.140427
2024-01-09,,,,,,,,,,,,,4.27,5.52,2.68,1,1,1,2024,9,9,2,True,3.140427
2024-01-10,,,,,,,,,,,,,4.25,5.47,2.64,2,1,1,2024,10,10,2,True,3.140427
2024-01-11,,,,,,,,,,,,,4.23,5.43,2.63,3,1,1,2024,11,11,2,True,3.140427
2024-01-12,,,,,,,,,,,,,4.23,5.38,2.62,4,1,1,2024,12,12,2,True,3.140427
2024-01-13,,,,,,,,,,,,,4.18,5.33,2.59,5,1,1,2024,13,13,2,True,3.140427
2024-01-14,,,,,,,,,,,,,4.18,5.29,2.58,6,1,1,2024,14,14,2,True,3.140427
2024-01-15,,,,,,,,,,,,,4.14,5.26,2.55,0,1,1,2024,15,15,3,True,3.140427
2024-01-16,,,,,,,,,,,,,4.14,5.26,2.54,1,1,1,2024,16,16,3,True,3.140427
2024-01-17,,,,,,,,,,,,,4.12,5.15,2.51,2,1,1,2024,17,17,3,True,3.140427
2024-01-18,,,,,,,,,,,,,4.1,5.11,2.5,3,1,1,2024,18,18,3,True,3.140427
2024-01-19,,,,,,,,,,,,,4.06,5.07,2.5,4,1,1,2024,19,19,3,True,3.140427
2024-01-20,,,,,,,,,,,,,4.03,5.11,2.5,5,1,1,2024,20,20,3,True,3.140427
2024-01-21,,,,,,,,,,,,,4.03,4.94,2.5,6,1,1,2024,21,21,3,True,3.140427
2024-01-22,,,,,,,,,,,,,3.99,5.11,2.5,0,1,1,2024,22,22,4,True,3.140427
2024-01-23,,,,,,,,,,,,,3.97,5.15,2.5,1,1,1,2024,23,23,4,True,3.140427
2024-01-24,,,,,,,,,,,,,3.97,5.15,2.5,2,1,1,2024,24,24,4,True,3.140427
2024-01-25,,,,,,,,,,,,,3.97,5.15,2.5,3,1,1,2024,25,25,4,True,3.140427
2024-01-26,,,,,,,,,,,,,3.97,5.15,2.5,4,1,1,2024,26,26,4,True,3.140427
2024-01-27,,,,,,,,,,,,,3.95,5.15,2.5,5,1,1,2024,27,27,4,True,3.140427
2024-01-28,,,,,,,,,,,,,3.93,5.15,2.49,6,1,1,2024,28,28,4,True,3.140427
2024-01-29,,,,,,,,,,,,,3.92,5.15,2.49,0,1,1,2024,29,29,5,True,3.140427
2024-01-30,,,,,,,,,,,,,3.92,5.15,2.49,1,1,1,2024,30,30,5,True,3.140427
2024-01-31,,,,,,,,,,,,,3.9,5.15,2.49,2,1,1,2024,31,31,5,True,3.140427
2024-02-01,,,,,,,,,,,,,3.88,5.15,2.49,3,1,2,2024,32,1,5,True,3.140427
2024-02-02,,,,,,,,,,,,,3.88,5.15,2.48,4,1,2,2024,33,2,5,True,3.140427
2024-02-03,,,,,,,,,,,,,3.86,5.15,2.46,5,1,2,2024,34,3,5,True,3.140427
2024-02-04,,,,,,,,,,,,,3.86,5.15,2.44,6,1,2,2024,35,4,5,True,3.140427
2024-02-05,,,,,,,,,,,,,3.86,5.15,2.42,0,1,2,2024,36,5,6,True,3.140427
2024-02-06,,,,,,,,,,,,,3.86,5.13,2.4,1,1,2,2024,37,6,6,True,3.140427
2024-02-07,,,,,,,,,,,,,3.86,5.11,2.38,2,1,2,2024,38,7,6,True,3.140427
2024-02-08,,,,,,,,,,,,,3.86,5.09,2.36,3,1,2,2024,39,8,6,True,3.140427
2024-02-09,,,,,,,,,,,,,3.84,5.04,2.35,4,1,2,2024,40,9,6,True,3.140427
2024-02-10,,,,,,,,,,,,,3.84,4.98,2.32,5,1,2,2024,41,10,6,True,3.140427
2024-02-11,,,,,,,,,,,,,3.82,4.94,2.29,6,1,2,2024,42,11,6,True,3.140427
2024-02-12,,,,,,,,,,,,,3.82,4.94,2.27,0,1,2,2024,43,12,7,True,3.140427
2024-02-13,,,,,,,,,,,,,3.81,4.92,2.26,1,1,2,2024,44,13,7,True,3.140427
2024-02-14,,,,,,,,,,,,,3.81,4.9,2.24,2,1,2,2024,45,14,7,True,3.140427
2024-02-15,,,,,,,,,,,,,3.77,4.86,2.22,3,1,2,2024,46,15,7,True,3.140427
2024-02-16,,,,,,,,,,,,,3.75,4.83,2.21,4,1,2,2024,47,16,7,True,3.140427
2024-02-17,,,,,,,,,,,,,3.73,4.77,2.2,5,1,2,2024,48,17,7,True,3.140427
2024-02-18,,,,,,,,,,,,,3.71,4.73,2.19,6,1,2,2024,49,18,7,True,3.140427
2024-02-19,,,,,,,,,,,,,3.69,4.73,2.16,0,1,2,2024,50,19,8,True,3.140427
2024-02-20,,,,,,,,,,,,,3.68,4.73,2.14,1,1,2,2024,51,20,8,True,3.140427
2024-02-21,,,,,,,,,,,,,3.66,4.73,2.13,2,1,2,2024,52,21,8,True,3.140427
2024-02-22,,,,,,,,,,,,,3.66,4.73,2.11,3,1,2,2024,53,22,8,True,3.140427
2024-02-23,,,,,,,,,,,,,3.66,4.94,2.09,4,1,2,2024,54,23,8,True,3.140427
2024-02-24,,,,,,,,,,,,,3.66,4.94,2.07,5,1,2,2024,55,24,8,True,3.140427
2024-02-25,,,,,,,,,,,,,3.66,4.94,2.08,6,1,2,2024,56,25,8,True,3.140427
2024-02-26,,,,,,,,,,,,,3.66,4.94,2.07,0,1,2,2024,57,26,9,True,3.140427
2024-02-27,,,,,,,,,,,,,3.64,4.94,2.05,1,1,2,2024,58,27,9,True,3.140427
2024-02-28,,,,,,,,,,,,,3.64,4.94,2.03,2,1,2,2024,59,28,9,True,3.140427
2024-02-29,,,,,,,,,,,,,3.64,4.94,2.01,3,1,2,2024,60,29,9,True,3.140427
2024-03-01,,,,,,,,,,,,,3.64,4.9,1.98,4,1,3,2024,61,1,9,True,3.140427
2024-03-02,,,,,,,,,,,,,3.92,4.9,1.93,5,1,3,2024,62,2,9,True,3.140427
2024-03-03,,,,,,,,,,,,,4.01,4.88,1.9,6,1,3,2024,63,3,9,True,3.140427
2024-03-04,,,,,,,,,,,,,4.1,4.88,1.86,0,1,3,2024,64,4,10,True,3.140427
2024-03-05,,,,,,,,,,,,,4.1,4.88,1.85,1,1,3,2024,65,5,10,True,3.140427
2024-03-06,,,,,,,,,,,,,4.1,4.81,1.83,2,1,3,2024,66,6,10,True,3.140427
2024-03-07,,,,,,,,,,,,,4.08,4.73,1.81,3,1,3,2024,67,7,10,True,3.140427
2024-03-08,,,,,,,,,,,,,4.06,4.69,1.78,4,1,3,2024,68,8,10,True,3.140427
2024-03-09,,,,,,,,,,,,,4.04,4.65,1.75,5,1,3,2024,69,9,10,True,3.140427
2024-03-10,,,,,,,,,,,,,4.01,4.62,1.73,6,1,3,2024,70,10,10,True,3.140427
2024-03-11,,,,,,,,,,,,,3.97,4.52,1.72,0,1,3,2024,71,11,11,True,3.140427
2024-03-12,,,,,,,,,,,,,3.92,4.44,1.69,1,1,3,2024,72,12,11,True,3.140427
2024-03-13,,,,,,,,,,,,,3.88,4.39,1.66,2,1,3,2024,73,13,11,True,3.140427
2024-03-14,,,,,,,,,,,,,3.82,4.31,1.64,3,1,3,2024,74,14,11,True,3.140427
2024-03-15,,,,,,,,,,,,,3.77,4.27,1.62,4,1,3,2024,75,15,11,True,3.104973
2024-03-16,,,,,,,,,,,,,3.73,4.2,1.6,5,1,3,2024,76,16,11,True,3.0637987
2024-03-17,,,,,,,,,,,,,3.69,4.14,1.6,6,1,3,2024,77,17,11,True,3.0309086
2024-03-18,,,,,,,,,,,,,3.69,4.08,1.49,0,1,3,2024,78,18,12,True,2.9842877
2024-03-19,,,,,,,,,,,,,3.69,4.08,1.49,1,1,3,2024,79,19,12,True,2.9842877
2024-03-20,,,,,,,,,,,,,3.69,4.06,1.49,2,1,3,2024,80,20,12,True,2.9596777
2024-03-21,,,,,,,,,,,,,3.69,4.04,1.49,3,1,3,2024,81,21,12,True,2.9215775
2024-03-22,,,,,,,,,,,,,3.68,4.01,1.49,4,1,3,2024,82,22,12,True,2.9215775
2024-03-23,,,,,,,,,,,,,3.64,3.99,1.48,5,1,3,2024,83,23,12,True,2.9215775
2024-03-24,,,,,,,,,,,,,3.6,3.95,1.48,6,1,3,2024,84,24,12,True,2.8974693
2024-03-25,,,,,,,,,,,,,3.566,3.92,1.48,0,1,3,2024,85,25,13,True,2.8974693
2024-03-26,,,,,,,,,,,,,3.53,3.82,1.47,1,1,3,2024,86,26,13,True,2.885849
2024-03-27,,,,,,,,,,,,,3.47,3.75,1.47,2,1,3,2024,87,27,13,True,2.885849
2024-03-28,,,,,,,,,,,,,3.42,3.69,1.47,3,1,3,2024,88,28,13,True,2.842209
2024-03-29,,,,,,,,,,,,,3.35,3.66,1.47,4,1,3,2024,89,29,13,True,2.831976
2024-03-30,,,,,,,,,,,,,3.29,3.62,1.47,5,1,3,2024,90,30,13,True,2.831976
2024-03-31,,,,,,,,,,,,,3.24,3.58,1.47,6,1,3,2024,91,31,13,True,2.8122456
2024-04-01,,,,,,,,,,,,,3.18,3.55,1.47,0,2,4,2024,92,1,14,True,2.7842243
2024-04-02,,,,,,,,,,,,,3.14,3.51,1.46,1,2,4,2024,93,2,14,True,2.774452
2024-04-03,,,,,,,,,,,,,3.11,3.46,1.46,2,2,4,2024,94,3,14,True,2.7548618
2024-04-04,,,,,,,,,,,,,3.07,3.4,1.46,3,2,4,2024,95,4,14,True,2.7548618
2024-04-05,,,,,,,,,,,,,3.02,3.36,1.46,4,2,4,2024,96,5,14,True,2.7283492
2024-04-06,,,,,,,,,,,,,2.99,3.31,1.45,5,2,4,2024,97,6,14,True,2.7283492
2024-04-07,,,,,,,,,,,,,2.98,3.27,1.45,6,2,4,2024,98,7,14,True,2.7228167
2024-04-08,,,,,,,,,,,,,2.97,3.22,1.45,0,2,4,2024,99,8,15,True,2.7228167
2024-04-09,,,,,,,,,,,,,2.97,3.15,1.44,1,2,4,2024,100,9,15,True,2.7228167
2024-04-10,,,,,,,,,,,,,2.97,3.15,1.44,2,2,4,2024,101,10,15,True,2.6932821
2024-04-11,,,,,,,,,,,,,2.97,3.15,1.44,3,2,4,2024,102,11,15,True,2.6551557
2024-04-12,,,,,,,,,,,,,2.97,3.15,1.44,4,2,4,2024,103,12,15,True,2.6551557
2024-04-13,,,,,,,,,,,,,2.96,3.15,1.43,5,2,4,2024,104,13,15,True,2.6551557
2024-04-14,,,,,,,,,,,,,2.94,3.15,1.43,6,2,4,2024,105,14,15,True,2.6551557
2024-04-15,,,,,,,,,,,,,2.92,3.15,1.42,0,2,4,2024,106,15,16,True,2.6551557
2024-04-16,,,,,,,,,,,,,2.885,3.15,1.42,1,2,4,2024,107,16,16,True,2.6551557
2024-04-17,,,,,,,,,,,,,2.845,3.15,1.42,2,2,4,2024,108,17,16,True,2.648433
2024-04-18,,,,,,,,,,,,,2.818,3.15,1.41,3,2,4,2024,109,18,16,True,2.6284556
2024-04-19,,,,,,,,,,,,,2.791,3.15,1.41,4,2,4,2024,110,19,16,True,2.6284556
2024-04-20,,,,,,,,,,,,,2.764,3.15,1.4,5,2,4,2024,111,20,16,True,2.6284556
2024-04-21,,,,,,,,,,,,,2.737,3.15,1.4,6,2,4,2024,112,21,16,True,2.6284556
2024-04-22,,,,,,,,,,,,,2.711,3.14,1.4,0,2,4,2024,113,22,17,True,2.6214
2024-04-23,,,,,,,,,,,,,2.697,3.11,1.39,1,2,4,2024,114,23,17,True,2.6214
2024-04-24,,,,,,,,,,,,,2.67,3.09,1.39,2,2,4,2024,115,24,17,True,2.6214
2024-04-25,,,,,,,,,,,,,2.644,3.05,1.38,3,2,4,2024,116,25,17,True,2.6214
2024-04-26,,,,,,,,,,,,,2.617,3.02,1.38,4,2,4,2024,117,26,17,True,2.608096
2024-04-27,,,,,,,,,,,,,2.59,3.0,1.38,5,2,4,2024,118,27,17,True,2.5779915
2024-04-28,,,,,,,,,,,,,2.563,2.97,1.38,6,2,4,2024,119,28,17,True,2.553819
2024-04-29,,,,,,,,,,,,,2.55,2.94,1.37,0,2,4,2024,120,29,18,True,2.5294054
2024-04-30,,,,,,,,,,,,,2.523,2.9,1.37,1,2,4,2024,121,30,18,True,2.5294054
2024-05-01,,,,,,,,,,,,,2.499,2.86,1.37,2,2,5,2024,122,1,18,True,2.471456
2024-05-02,,,,,,,,,,,,,2.499,2.84,1.36,3,2,5,2024,123,2,18,True,2.4206855
2024-05-03,,,,,,,,,,,,,2.479,2.81,1.36,4,2,5,2024,124,3,18,True,2.4206855
2024-05-04,,,,,,,,,,,,,2.459,2.8,1.36,5,2,5,2024,125,4,18,True,2.403796
2024-05-05,,,,,,,,,,,,,2.459,2.78,1.36,6,2,5,2024,126,5,18,True,2.403796
2024-05-06,,,,,,,,,,,,,2.459,2.75,1.36,0,2,5,2024,127,6,19,True,2.3983135
2024-05-07,,,,,,,,,,,,,2.449,2.75,1.35,1,2,5,2024,128,7,19,True,2.3983135
2024-05-08,,,,,,,,,,,,,2.449,2.72,1.35,2,2,5,2024,129,8,19,True,2.3983135
2024-05-09,,,,,,,,,,,,,2.449,2.71,1.35,3,2,5,2024,130,9,19,True,2.3983135
2024-05-10,,,,,,,,,,,,,2.438,2.68,1.35,4,2,5,2024,131,10,19,True,2.3983135
2024-05-11,,,,,,,,,,,,,2.438,2.68,1.35,5,2,5,2024,132,11,19,True,2.3983135
2024-05-12,,,,,,,,,,,,,2.438,2.68,1.34,6,2,5,2024,133,12,19,True,2.3983135
2024-05-13,,,,,,,,,,,,,2.438,2.67,1.33,0,2,5,2024,134,13,20,True,2.3983135
2024-05-14,,,,,,,,,,,,,2.438,2.67,1.34,1,2,5,2024,135,14,20,True,2.3983135
2024-05-15,,,,,,,,,,,,,2.488,2.66,1.34,2,2,5,2024,136,15,20,True,2.3983135
2024-05-16,,,,,,,,,,,,,2.428,2.66,1.34,3,2,5,2024,137,16,20,True,2.3983135
2024-05-17,,,,,,,,,,,,,2.428,2.66,1.32,4,2,5,2024,138,17,20,True,2.3983135
2024-05-18,,,,,,,,,,,,,2.428,2.6,1.31,5,2,5,2024,139,18,20,True,2.3983135
2024-05-19,,,,,,,,,,,,,2.418,2.59,1.31,6,2,5,2024,140,19,20,True,2.3983135
2024-05-20,,,,,,,,,,,,,2.418,2.58,1.3,0,2,5,2024,141,20,21,True,2.3983135
2024-05-21,,,,,,,,,,,,,2.418,2.58,1.29,1,2,5,2024,142,21,21,True,2.3983135
2024-05-22,,,,,,,,,,,,,2.408,2.58,1.29,2,2,5,2024,143,22,21,True,2.3983135
2024-05-23,,,,,,,,,,,,,2.388,2.58,1.28,3,2,5,2024,144,23,21,True,2.3983135
2024-05-24,,,,,,,,,,,,,2.367,2.58,1.28,4,2,5,2024,145,24,21,True,2.3983135
2024-05-25,,,,,,,,,,,,,2.357,2.56,1.28,5,2,5,2024,146,25,21,True,2.3983135
2024-05-26,,,,,,,,,,,,,2.357,2.56,1.28,6,2,5,2024,147,26,21,True,2.3983135
2024-05-27,,,,,,,,,,,,,2.357,2.55,1.28,0,2,5,2024,148,27,22,True,2.3983135
2024-05-28,,,,,,,,,,,,,2.357,2.54,1.27,1,2,5,2024,149,28,22,True,2.3983135
2024-05-29,,,,,,,,,,,,,2.347,2.52,1.27,2,2,5,2024,150,29,22,True,2.3983135
2024-05-30,,,,,,,,,,,,,2.347,2.52,1.26,3,2,5,2024,151,30,22,True,2.3983135
2024-05-31,,,,,,,,,,,,,2.347,2.51,1.26,4,2,5,2024,152,31,22,True,2.3983135
2024-06-01,,,,,,,,,,,,,2.347,2.51,1.26,5,2,6,2024,153,1,22,True,2.3983135
2024-06-02,,,,,,,,,,,,,2.347,2.5,1.26,6,2,6,2024,154,2,22,True,2.3983135
2024-06-03,,,,,,,,,,,,,2.366,2.5,1.25,0,2,6,2024,155,3,23,True,2.3983135
2024-06-04,,,,,,,,,,,,,2.366,2.49,1.24,1,2,6,2024,156,4,23,True,2.3983135
2024-06-05,,,,,,,,,,,,,2.326,2.48,1.24,2,2,6,2024,157,5,23,True,2.3983135
2024-06-06,,,,,,,,,,,,,2.326,2.46,1.24,3,2,6,2024,158,6,23,True,2.3983135
2024-06-07,,,,,,,,,,,,,2.326,2.43,1.23,4,2,6,2024,159,7,23,True,2.3983135
2024-06-08,,,,,,,,,,,,,2.326,2.39,1.21,5,2,6,2024,160,8,23,True,2.3983135
2024-06-09,,,,,,,,,,,,,2.326,2.39,1.2,6,2,6,2024,161,9,23,True,2.3983135
2024-06-10,,,,,,,,,,,,,2.326,2.39,1.2,0,2,6,2024,162,10,24,True,2.3983135
2024-06-11,,,,,,,,,,,,,2.306,2.39,1.2,1,2,6,2024,163,11,24,True,2.3983135
2024-06-12,,,,,,,,,,,,,2.285,2.43,1.2,2,2,6,2024,164,12,24,True,2.3983135
2024-06-13,,,,,,,,,,,,,2.275,2.43,1.19,3,2,6,2024,165,13,24,True,2.3983135
2024-06-14,,,,,,,,,,,,,2.265,2.43,1.18,4,2,6,2024,166,14,24,True,2.3983135
2024-06-15,,,,,,,,,,,,,2.265,2.45,1.2,5,2,6,2024,167,15,24,True,2.3983135
2024-06-16,,,,,,,,,,,,,2.27,2.45,1.2,6,2,6,2024,168,16,24,True,2.3983135
2024-06-17,,,,,,,,,,,,,2.27,2.45,1.18,0,2,6,2024,169,17,25,True,2.3983135
2024-06-18,,,,,,,,,,,,,2.255,2.45,1.17,1,2,6,2024,170,18,25,True,2.3983135
2024-06-19,,,,,,,,,,,,,2.255,2.45,1.17,2,2,6,2024,171,19,25,True,2.3983135
2024-06-20,,,,,,,,,,,,,2.245,2.44,1.17,3,2,6,2024,172,20,25,True,2.3983135
2024-06-21,,,,,,,,,,,,,2.245,2.44,1.14,4,2,6,2024,173,21,25,True,2.3983135
2024-06-22,,,,,,,,,,,,,2.235,2.43,1.14,5,2,6,2024,174,22,25,True,2.3983135
2024-06-23,,,,,,,,,,,,,2.235,2.42,1.14,6,2,6,2024,175,23,25,True,2.3983135
2024-06-24,,,,,,,,,,,,,,2.42,1.14,0,2,6,2024,176,24,26,True,5.1143894
2024-06-25,,,,,,,,,,,,,,2.43,1.14,1,2,6,2024,177,25,26,True,5.037478
2024-06-26,,,,,,,,,,,,,,2.43,1.13,2,2,6,2024,178,26,26,True,5.037478
2024-06-27,,,,,,,,,,,,,,2.43,1.13,3,2,6,2024,179,27,26,True,5.037478
2024-06-28,,,,,,,,,,,,,,2.43,1.13,4,2,6,2024,180,28,26,True,5.037478
2024-06-29,,,,,,,,,,,,,,2.43,1.14,5,2,6,2024,181,29,26,True,5.037478
2024-06-30,,,,,,,,,,,,,,2.42,1.14,6,2,6,2024,182,30,26,True,5.037478
2024-07-01,,,,,,,,,,,,,,2.42,1.14,0,3,7,2024,183,1,27,True,5.037478
2024-07-02,,,,,,,,,,,,,,2.41,1.27,1,3,7,2024,184,2,27,True,5.037478
2024-07-03,,,,,,,,,,,,,,2.41,1.27,2,3,7,2024,185,3,27,True,5.037478
2024-07-04,,,,,,,,,,,,,,2.4,1.28,3,3,7,2024,186,4,27,True,5.037478
2024-07-05,,,,,,,,,,,,,,2.39,1.29,4,3,7,2024,187,5,27,True,5.037478
2024-07-06,,,,,,,,,,,,,,2.38,1.28,5,3,7,2024,188,6,27,True,5.037478
2024-07-07,,,,,,,,,,,,,,2.37,1.27,6,3,7,2024,189,7,27,True,5.037478
2024-07-08,,,,,,,,,,,,,,2.37,1.29,0,3,7,2024,190,8,28,True,5.037478
2024-07-09,,,,,,,,,,,,,,2.34,1.29,1,3,7,2024,191,9,28,True,5.037478
2024-07-10,,,,,,,,,,,,,,2.28,1.29,2,3,7,2024,192,10,28,True,5.0031652
2024-07-11,,,,,,,,,,,,,,2.22,1.29,3,3,7,2024,193,11,28,True,5.0031652
2024-07-12,,,,,,,,,,,,,,2.18,1.31,4,3,7,2024,194,12,28,True,4.93429
2024-07-13,,,,,,,,,,,,,,2.18,1.31,5,3,7,2024,195,13,28,True,4.897477
2024-07-14,,,,,,,,,,,,,,2.18,1.31,6,3,7,2024,196,14,28,True,4.897477
2024-07-15,,,,,,,,,,,,,,2.16,1.36,0,3,7,2024,197,15,29,True,4.790152
2024-07-16,,,,,,,,,,,,,,2.15,1.38,1,3,7,2024,198,16,29,True,4.790152
2024-07-17,,,,,,,,,,,,,,2.14,1.38,2,3,7,2024,199,17,29,True,4.721271
2024-07-18,,,,,,,,,,,,,,2.13,2.46,3,3,7,2024,200,18,29,True,4.697342
2024-07-19,,,,,,,,,,,,,,2.12,2.46,4,3,7,2024,201,19,29,True,4.697342
2024-07-20,,,,,,,,,,,,,,2.11,2.47,5,3,7,2024,202,20,29,True,4.654062
2024-07-21,,,,,,,,,,,,,,2.1,2.48,6,3,7,2024,203,21,29,True,4.654062
2024-07-22,,,,,,,,,,,,,,2.11,2.51,0,3,7,2024,204,22,30,True,4.654062
2024-07-23,,,,,,,,,,,,,,2.11,2.55,1,3,7,2024,205,23,30,True,4.654062
2024-07-24,,,,,,,,,,,,,,2.11,2.58,2,3,7,2024,206,24,30,True,4.654062
2024-07-25,,,,,,,,,,,,,,2.11,2.58,3,3,7,2024,207,25,30,True,4.654062
2024-07-26,,,,,,,,,,,,,,2.11,2.58,4,3,7,2024,208,26,30,True,4.654062
2024-07-27,,,,,,,,,,,,,,2.11,4.73,5,3,7,2024,209,27,30,True,4.6445174
2024-07-28,,,,,,,,,,,,,,2.11,4.73,6,3,7,2024,210,28,30,True,4.6200113
2024-07-29,,,,,,,,,,,,,,2.11,4.73,0,3,7,2024,211,29,31,True,4.6200113
2024-07-30,,,,,,,,,,,,,,2.11,4.73,1,3,7,2024,212,30,31,True,4.6076946
2024-07-31,,,,,,,,,,,,,,2.1,4.73,2,3,7,2024,213,31,31,True,4.6076946
2024-08-01,,,,,,,,,,,,,,2.1,4.73,3,3,8,2024,214,1,31,True,4.6076946
2024-08-02,,,,,,,,,,,,,,2.1,4.73,4,3,8,2024,215,2,31,True,4.597771
2024-08-03,,,,,,,,,,,,,,2.09,4.75,5,3,8,2024,216,3,31,True,4.597771
2024-08-04,,,,,,,,,,,,,,2.09,4.77,6,3,8,2024,217,4,31,True,4.5652
2024-08-05,,,,,,,,,,,,,,2.09,4.77,0,3,8,2024,218,5,32,True,4.5652
2024-08-06,,,,,,,,,,,,,,2.09,4.77,1,3,8,2024,219,6,32,True,4.484209
2024-08-07,,,,,,,,,,,,,,2.09,4.77,2,3,8,2024,220,7,32,True,4.4587483
2024-08-08,,,,,,,,,,,,,,2.1,4.77,3,3,8,2024,221,8,32,True,4.4587483
2024-08-09,,,,,,,,,,,,,,2.12,6.98,4,3,8,2024,222,9,32,True,4.3865895
2024-08-10,,,,,,,,,,,,,,2.12,6.89,5,3,8,2024,223,10,32,True,4.3865895
2024-08-11,,,,,,,,,,,,,,2.12,7.28,6,3,8,2024,224,11,32,True,4.326607
2024-08-12,,,,,,,,,,,,,,2.12,7.28,0,3,8,2024,225,12,33,True,4.326607
2024-08-13,,,,,,,,,,,,,,2.12,7.28,1,3,8,2024,226,13,33,True,4.326607
2024-08-14,,,,,,,,,,,,,,2.13,7.3,2,3,8,2024,227,14,33,True,4.326607
2024-08-15,,,,,,,,,,,,,,4.64,7.3,3,3,8,2024,228,15,33,True,4.302423
2024-08-16,,,,,,,,,,,,,,5.2,7.3,4,3,8,2024,229,16,33,True,4.302423
2024-08-17,,,,,,,,,,,,,,5.24,7.3,5,3,8,2024,230,17,33,True,4.278687
2024-08-18,,,,,,,,,,,,,,5.29,7.3,6,3,8,2024,231,18,33,True,4.278687
2024-08-19,,,,,,,,,,,,,,5.29,7.3,0,3,8,2024,232,19,34,True,4.278687
2024-08-20,,,,,,,,,,,,,,5.29,7.3,1,3,8,2024,233,20,34,True,4.2437763
2024-08-21,,,,,,,,,,,,,,5.33,7.3,2,3,8,2024,234,21,34,True,4.2437763
2024-08-22,,,,,,,,,,,,,,5.33,7.32,3,3,8,2024,235,22,34,True,4.2198358
2024-08-23,,,,,,,,,,,,,,5.33,7.32,4,3,8,2024,236,23,34,True,4.2198358
2024-08-24,,,,,,,,,,,,,,5.33,7.32,5,3,8,2024,237,24,34,True,4.2044163
2024-08-25,,,,,,,,,,,,,,5.33,7.32,6,3,8,2024,238,25,34,True,4.194142
2024-08-26,,,,,,,,,,,,,,5.33,7.32,0,3,8,2024,239,26,35,True,4.194142
2024-08-27,,,,,,,,,,,,,,5.45,7.32,1,3,8,2024,240,27,35,True,4.15353
2024-08-28,,,,,,,,,,,,,,5.45,7.98,2,3,8,2024,241,28,35,True,4.15353
2024-08-29,,,,,,,,,,,,,,5.45,8.04,3,3,8,2024,242,29,35,True,4.15353
2024-08-30,,,,,,,,,,,,,,5.45,8.04,4,3,8,2024,243,30,35,True,4.15353
2024-08-31,,,,,,,,,,,,,,5.49,8.04,5,3,8,2024,244,31,35,True,4.15353
2024-09-01,,,,,,,,,,,,,,5.49,8.04,6,3,9,2024,245,1,35,True,4.15353
2024-09-02,,,,,,,,,,,,,,5.49,8.04,0,3,9,2024,246,2,36,True,4.15353
2024-09-03,,,,,,,,,,,,,,5.49,8.04,1,3,9,2024,247,3,36,True,4.15353
2024-09-04,,,,,,,,,,,,,,5.49,8.04,2,3,9,2024,248,4,36,True,4.15353
2024-09-05,,,,,,,,,,,,,,5.49,8.04,3,3,9,2024,249,5,36,True,4.15353
2024-09-06,,,,,,,,,,,,,,5.49,8.04,4,3,9,2024,250,6,36,True,4.15353
2024-09-07,,,,,,,,,,,,,,5.52,8.04,5,3,9,2024,251,7,36,True,4.15353
2024-09-08,,,,,,,,,,,,,,5.52,8.04,6,3,9,2024,252,8,36,True,4.1453733
2024-09-09,,,,,,,,,,,,,,5.52,8.04,0,3,9,2024,253,9,37,True,4.1453733
2024-09-10,,,,,,,,,,,,,,5.52,8.04,1,3,9,2024,254,10,37,True,4.1453733
2024-09-11,,,,,,,,,,,,,,5.52,8.04,2,3,9,2024,255,11,37,True,4.1453733
2024-09-12,,,,,,,,,,,,,,5.52,8.01,3,3,9,2024,256,12,37,True,4.1453733
2024-09-13,,,,,,,,,,,,,,5.52,8.01,4,3,9,2024,257,13,37,True,4.1357746
2024-09-14,,,,,,,,,,,,,,5.52,8.01,5,3,9,2024,258,14,37,True,4.014203
2024-09-15,,,,,,,,,,,,,,5.49,8.01,6,3,9,2024,259,15,37,True,4.014203
2024-09-16,,,,,,,,,,,,,,5.49,8.01,0,3,9,2024,260,16,38,True,3.9741204
2024-09-17,,,,,,,,,,,,,,5.49,8.01,1,3,9,2024,261,17,38,True,3.9656525
2024-09-18,,,,,,,,,,,,,,5.49,8.01,2,3,9,2024,262,18,38,True,3.9656525
2024-09-19,,,,,,,,,,,,,,5.47,8.01,3,3,9,2024,263,19,38,True,3.9128156
2024-09-20,,,,,,,,,,,,,,5.45,8.01,4,3,9,2024,264,20,38,True,3.9128156
2024-09-21,,,,,,,,,,,,,,5.43,8.01,5,3,9,2024,265,21,38,True,3.894376
2024-09-22,,,,,,,,,,,,,,5.4,8.01,6,3,9,2024,266,22,38,True,3.8819234
2024-09-23,,,,,,,,,,,,,,5.4,8.01,0,3,9,2024,267,23,39,True,3.8819234
2024-09-24,,,,,,,,,,,,,,5.36,7.98,1,3,9,2024,268,24,39,True,3.8300383
2024-09-25,,,,,,,,,,,,,,5.36,7.98,2,3,9,2024,269,25,39,True,3.8300383
2024-09-26,,,,,,,,,,,,,,5.43,7.98,3,3,9,2024,270,26,39,True,3.7966042
2024-09-27,,,,,,,,,,,,,,5.47,7.98,4,3,9,2024,271,27,39,True,3.7730339
2024-09-28,,,,,,,,,,,,,,5.47,7.98,5,3,9,2024,272,28,39,True,3.7730339
2024-09-29,,,,,,,,,,,,,,5.47,7.98,6,3,9,2024,273,29,39,True,3.744916
2024-09-30,,,,,,,,,,,,,,5.47,7.83,0,3,9,2024,274,30,40,True,3.744916
2024-10-01,,,,,,,,,,,,,,5.47,7.83,1,4,10,2024,275,1,40,True,3.737394
2024-10-02,,,,,,,,,,,,,,5.49,7.83,2,4,10,2024,276,2,40,True,3.737394
2024-10-03,,,,,,,,,,,,,,5.49,7.8,3,4,10,2024,277,3,40,True,3.737394
2024-10-04,,,,,,,,,,,,,,5.49,7.8,4,4,10,2024,278,4,40,True,3.7286773
2024-10-05,,,,,,,,,,,,,,5.49,7.78,5,4,10,2024,279,5,40,True,3.7286773
2024-10-06,,,,,,,,,,,,,,5.49,7.78,6,4,10,2024,280,6,40,True,3.7286773
2024-10-07,,,,,,,,,,,,,,5.49,7.75,0,4,10,2024,281,7,41,True,3.7286773
2024-10-08,,,,,,,,,,,,,,5.68,7.75,1,4,10,2024,282,8,41,True,3.7286773
2024-10-09,,,,,,,,,,,,,,5.68,7.75,2,4,10,2024,283,9,41,True,3.7157106
2024-10-10,,,,,,,,,,,,,,5.68,7.75,3,4,10,2024,284,10,41,True,3.7157106
2024-10-11,,,,,,,,,,,,,,5.68,7.75,4,4,10,2024,285,11,41,True,3.6995604
2024-10-12,,,,,,,,,,,,,,5.68,7.73,5,4,10,2024,286,12,41,True,3.6995604
2024-10-13,,,,,,,,,,,,,,5.68,7.73,6,4,10,2024,287,13,41,True,3.6995604
2024-10-14,,,,,,,,,,,,,,5.68,7.73,0,4,10,2024,288,14,42,True,3.6690881
2024-10-15,,,,,,,,,,,,,,5.68,7.73,1,4,10,2024,289,15,42,True,3.6690881
2024-10-16,,,,,,,,,,,,,,5.68,7.73,2,4,10,2024,290,16,42,True,3.6230361
2024-10-17,,,,,,,,,,,,,,5.68,7.7,3,4,10,2024,291,17,42,True,3.5389283
2024-10-18,,,,,,,,,,,,,,5.68,7.7,4,4,10,2024,292,18,42,True,3.5389283
2024-10-19,,,,,,,,,,,,,,5.68,7.7,5,4,10,2024,293,19,42,True,3.4287474
2024-10-20,,,,,,,,,,,,,,5.66,7.7,6,4,10,2024,294,20,42,True,3.4287474
2024-10-21,,,,,,,,,,,,,,5.66,7.67,0,4,10,2024,295,21,43,True,3.395877
2024-10-22,,,,,,,,,,,,,,5.66,7.65,1,4,10,2024,296,22,43,True,3.395877
2024-10-23,,,,,,,,,,,,,,5.66,7.62,2,4,10,2024,297,23,43,True,3.395877
2024-10-24,,,,,,,,,,,,,,5.66,7.62,3,4,10,2024,298,24,43,True,3.395877
2024-10-25,,,,,,,,,,,,,,5.66,7.62,4,4,10,2024,299,25,43,True,3.3868718
2024-10-26,,,,,,,,,,,,,,5.66,7.52,5,4,10,2024,300,26,43,True,3.3868718
2024-10-27,,,,,,,,,,,,,,5.66,7.47,6,4,10,2024,301,27,43,True,3.3868718
2024-10-28,,,,,,,,,,,,,,5.66,7.42,0,4,10,2024,302,28,44,True,3.3868718
2024-10-29,,,,,,,,,,,,,,5.61,7.35,1,4,10,2024,303,29,44,True,3.378812
2024-10-30,,,,,,,,,,,,,,5.59,7.28,2,4,10,2024,304,30,44,True,3.378812
2024-10-31,,,,,,,,,,,,,,5.56,7.25,3,4,10,2024,305,31,44,True,3.378812
2024-11-01,,,,,,,,,,,,,,5.56,7.25,4,4,11,2024,306,1,44,True,3.3714828
2024-11-02,,,,,,,,,,,,,,5.54,7.25,5,4,11,2024,307,2,44,True,3.3714828
2024-11-03,,,,,,,,,,,,,,5.54,7.18,6,4,11,2024,308,3,44,True,3.3714828
2024-11-04,,,,,,,,,,,,,,5.52,7.18,0,4,11,2024,309,4,45,True,3.3714828
2024-11-05,,,,,,,,,,,,,,5.49,7.1,1,4,11,2024,310,5,45,True,3.3714828
2024-11-06,,,,,,,,,,,,,,5.49,7.05,2,4,11,2024,311,6,45,True,3.3714828
2024-11-07,,,,,,,,,,,,,,5.47,7.05,3,4,11,2024,312,7,45,True,3.3714828
2024-11-08,,,,,,,,,,,,,,5.45,7.01,4,4,11,2024,313,8,45,True,3.3714828
2024-11-09,,,,,,,,,,,,,,5.45,6.98,5,4,11,2024,314,9,45,True,3.3650234
2024-11-10,,,,,,,,,,,,,,5.43,6.98,6,4,11,2024,315,10,45,True,3.3650234
2024-11-11,,,,,,,,,,,,,,5.4,6.98,0,4,11,2024,316,11,46,True,3.3650234
2024-11-12,,,,,,,,,,,,,,5.4,6.98,1,4,11,2024,317,12,46,True,3.3650234
2024-11-13,,,,,,,,,,,,,,5.36,6.93,2,4,11,2024,318,13,46,True,3.347618
2024-11-14,,,,,,,,,,,,,,5.33,6.91,3,4,11,2024,319,14,46,True,3.2911148
2024-11-15,,,,,,,,,,,,,,5.29,6.86,4,4,11,2024,320,15,46,True,3.2911148
2024-11-16,,,,,,,,,,,,,,5.26,6.79,5,4,11,2024,321,16,46,True,3.2496183
2024-11-17,,,,,,,,,,,,,,5.24,6.74,6,4,11,2024,322,17,46,True,3.2496183
2024-11-18,,,,,,,,,,,,,,5.22,6.69,0,4,11,2024,323,18,47,True,3.1809452
2024-11-19,,,,,,,,,,,,,,5.2,6.64,1,4,11,2024,324,19,47,True,3.138362
2024-11-20,,,,,,,,,,,,,,5.15,6.59,2,4,11,2024,325,20,47,True,3.138362
2024-11-21,,,,,,,,,,,,,,5.11,6.55,3,4,11,2024,326,21,47,True,3.0826197
2024-11-22,,,,,,,,,,,,,,5.07,6.49,4,4,11,2024,327,22,47,True,3.0826197
2024-11-23,,,,,,,,,,,,,,5.0,6.45,5,4,11,2024,328,23,47,True,3.060812
2024-11-24,,,,,,,,,,,,,,4.94,6.4,6,4,11,2024,329,24,47,True,3.060812
2024-11-25,,,,,,,,,,,,,,4.96,6.37,0,4,11,2024,330,25,48,True,3.060812
2024-11-26,,,,,,,,,,,,,,4.94,6.35,1,4,11,2024,331,26,48,True,3.060812
2024-11-27,,,,,,,,,,,,,,4.92,6.3,2,4,11,2024,332,27,48,True,3.060812
2024-11-28,,,,,,,,,,,,,,4.88,6.28,3,4,11,2024,333,28,48,True,3.060812
2024-11-29,,,,,,,,,,,,,,4.83,6.23,4,4,11,2024,334,29,48,True,3.060812
2024-11-30,,,,,,,,,,,,,,4.79,6.21,5,4,11,2024,335,30,48,True,3.060812
2024-12-01,,,,,,,,,,,,,,4.79,6.21,6,4,12,2024,336,1,48,True,3.060812
